"Date"	"CrudeWTI"	"CrudeBrent"	"NYGasoline"	"USGGasoline"	"LAGasoline"	"NYHeatingOil"	"NYDiesel"	"USGDiesel"	"LADiesel"	"USGJetFuel"	"MBTXPropane"	"MEAN"
2020-01-02	0,32088	0,24029	0,25108	0,29753	0,10323	0,18672	0,18416	0,21157	0,22488	0,20348	-0,31201	0,1738
2020-01-03	0,34271	0,29776	0,27544	0,31683	0,17311	0,18823	0,18182	0,20146	0,21077	0,18938	-0,2619	0,19233
2020-01-06	0,32475	0,26258	0,26634	0,30494	0,20093	0,14318	0,13555	0,14962	0,16965	0,13442	-0,25984	0,16656
2020-01-07	0,29894	0,20385	0,26022	0,30615	0,19599	0,14538	0,12257	0,148	0,16918	0,13711	-0,25201	0,15776
2020-01-08	0,20311	0,18274	0,2017	0,24465	0,17947	0,0905	0,07958	0,08949	0,09126	0,07622	-0,27866	0,10546
2020-01-09	0,14121	0,11974	0,1475	0,1918	0,17893	0,04767	0,03621	0,04362	0,05879	0,02798	-0,30091	0,06296
2020-01-10	0,12591	0,10418	0,15197	0,18513	0,1899	0,02625	0,01794	0,02324	0,04981	0,0076	-0,31493	0,05155
2020-01-13	0,13083	0,08271	0,16862	0,19735	0,20387	0,01676	0,00691	0,01284	0,031	-0,00274	-0,34203	0,04601
2020-01-14	0,15961	0,09609	0,19958	0,22879	0,21214	0,03738	0,03296	0,03347	0,06847	0,01448	-0,34891	0,06673
2020-01-15	0,11699	0,07911	0,16356	0,18475	0,14994	0,0065	0,00803	0,0028	0,05036	-0,0072	-0,36578	0,03537
2020-01-16	0,12366	0,08059	0,17692	0,1681	0,13941	-0,01341	-0,01588	-0,03573	0,03937	-0,02581	-0,36765	0,02451
2020-01-17	0,12965	0,07018	0,15797	0,14336	0,10605	-0,00972	-0,00958	-0,02098	0,0341	-0,01827	-0,37463	0,01892
2020-01-20	0,09235	0,04175	0,14228	0,12973	0,02045	-0,02655	-0,02516	-0,03954	0,00913	-0,03431	-0,38102	-0,00645
2020-01-21	0,08675	0,0238	0,13618	0,12342	0,01548	-0,0462	-0,04403	-0,05959	0,00322	-0,05447	-0,38248	-0,01799
2020-01-22	0,07929	0,01987	0,12753	0,11031	0,01891	-0,0581	-0,05479	-0,06953	-0,00916	-0,064	-0,40822	-0,02799
2020-01-23	0,05854	0,00344	0,13126	0,11071	0,13748	-0,05175	-0,04997	-0,06838	0,01591	-0,06535	-0,41333	-0,0174
2020-01-24	0,02172	-0,02865	0,10021	0,08084	0,14106	-0,07821	-0,08032	-0,08981	-0,01318	-0,08466	-0,41471	-0,04052
2020-01-27	-0,00822	-0,04798	0,06756	0,05179	0,16551	-0,11536	-0,11743	-0,13126	-0,0446	-0,12963	-0,42647	-0,06692
2020-01-28	0,02974	-0,00569	0,1271	0,10625	0,21005	-0,0674	-0,07022	-0,0844	0,01653	-0,08681	-0,38	-0,01862
2020-01-29	0,00415	-0,02493	0,1343	0,12932	0,22432	-0,10473	-0,11129	-0,12256	-0,02636	-0,1248	-0,35994	-0,03477
2020-01-30	-0,03673	-0,06738	0,08623	0,08491	0,13826	-0,12292	-0,13108	-0,14517	-0,04869	-0,14747	-0,41471	-0,07316
2020-01-31	-0,04198	-0,07509	0,08794	0,07585	0,14017	-0,13268	-0,13323	-0,15996	-0,06288	-0,18305	-0,42609	-0,08282
2020-02-03	-0,09459	-0,12706	0,02871	0,01265	0,03319	-0,18129	-0,17844	-0,20193	-0,1084	-0,22252	-0,46	-0,13634
2020-02-04	-0,09126	-0,13428	0,00817	-0,01891	-0,01602	-0,16765	-0,16789	-0,1931	-0,10005	-0,2224	-0,44412	-0,14068
2020-02-05	-0,05252	-0,10232	0,05285	0,02682	0,01933	-0,12936	-0,1308	-0,15518	-0,06148	-0,18103	-0,43072	-0,10404
2020-02-06	-0,05562	-0,11315	0,03098	0,0111	-0,0021	-0,12893	-0,12677	-0,13715	-0,063	-0,17041	-0,40156	-0,10515
2020-02-07	-0,04442	-0,10621	0,06471	0,03539	-0,01336	-0,13704	-0,13541	-0,15276	-0,06609	-0,17774	-0,36153	-0,0995
2020-02-10	-0,05991	-0,13003	0,04692	0,01515	0,0222	-0,15725	-0,15477	-0,17965	-0,0946	-0,19968	-0,38056	-0,11565
2020-02-11	-0,04635	-0,11909	0,05442	0,02225	0,00548	-0,13994	-0,13961	-0,14989	-0,07367	-0,18167	-0,39742	-0,10595
2020-02-12	-0,03782	-0,1125	0,09608	0,07331	0,05673	-0,1216	-0,11916	-0,12954	-0,03391	-0,15447	-0,39938	-0,08021
2020-02-13	-0,04513	-0,10953	0,06526	0,03962	0,06432	-0,13424	-0,13165	-0,14415	-0,04603	-0,15947	-0,39385	-0,09044
2020-02-14	-0,04357	-0,10359	0,043	-0,08426	0,05378	-0,14058	-0,13793	-0,15039	-0,05506	-0,16702	-0,40242	-0,108
2020-02-17	-0,06387	-0,11912	-0,00246	-0,11768	0,01891	-0,16004	-0,158	-0,16947	-0,07618	-0,2112	-0,40512	-0,13311
2020-02-18	-0,06261	-0,13643	0,01289	-0,08748	0,00315	-0,17262	-0,17038	-0,18121	-0,0838	-0,22707	-0,39307	-0,13624
2020-02-19	-0,05007	-0,09323	0,05247	-0,04597	0,03694	-0,15079	-0,14451	-0,15928	-0,07615	-0,20602	-0,37356	-0,11001
2020-02-20	-0,05501	-0,1085	0,03271	0,06537	0,02841	-0,16398	-0,1563	-0,16896	-0,07121	-0,18987	-0,37853	-0,10599
2020-02-21	-0,06304	-0,1242	0,01258	0,04181	0,10206	-0,17335	-0,16732	-0,18039	-0,10664	-0,19655	-0,38732	-0,11294
2020-02-24	-0,09911	-0,15244	-0,01316	0,03425	0,08611	-0,20973	-0,20385	-0,21175	-0,13621	-0,2279	-0,43194	-0,14234
2020-02-25	-0,10014	-0,13636	-0,01799	0,02214	-0,01287	-0,21186	-0,20476	-0,21269	-0,12	-0,23045	-0,42014	-0,14956
2020-02-26	-0,12148	-0,14804	-0,07976	-0,04357	-0,01711	-0,25546	-0,24662	-0,25641	-0,14307	-0,26953	-0,43146	-0,18296
2020-02-27	-0,17129	-0,20381	-0,13274	-0,10534	-0,01765	-0,27529	-0,26624	-0,27817	-0,16567	-0,29135	-0,42857	-0,21237
2020-02-28	-0,2164	-0,21098	-0,13163	-0,13276	-0,02546	-0,27209	-0,26739	-0,27365	-0,16411	-0,29361	-0,41912	-0,21883
2020-03-02	-0,16105	-0,17564	-0,14245	-0,08442	-0,03359	-0,22477	-0,22083	-0,23164	-0,12068	-0,2526	-0,39552	-0,18574
2020-03-03	-0,16484	-0,18932	-0,09418	-0,10385	-0,05171	-0,23291	-0,23211	-0,23724	-0,13054	-0,25326	-0,40588	-0,19053
2020-03-04	-0,17277	-0,19271	-0,08487	-0,0997	-0,04097	-0,23042	-0,23043	-0,23316	-0,13164	-0,2483	-0,41606	-0,18918
2020-03-05	-0,18356	-0,20493	-0,12638	-0,15517	-0,08791	-0,25956	-0,25496	-0,2592	-0,15763	-0,2765	-0,44203	-0,21889
2020-03-06	-0,27314	-0,29651	-0,2015	-0,23099	-0,19718	-0,30812	-0,3003	-0,30852	-0,25	-0,32824	-0,47971	-0,28856
2020-03-09	-0,44325	-0,46193	-0,34965	-0,39128	-0,35856	-0,41793	-0,4087	-0,42548	-0,3727	-0,45229	-0,56087	-0,42206
2020-03-10	-0,39303	-0,45327	-0,33314	-0,38568	-0,34243	-0,37582	-0,36368	-0,37906	-0,33284	-0,41288	-0,54113	-0,39209
2020-03-11	-0,41765	-0,47268	-0,37742	-0,41821	-0,36668	-0,38442	-0,37147	-0,38716	-0,33569	-0,43896	-0,53779	-0,40983
2020-03-12	-0,45838	-0,52922	-0,50361	-0,52554	-0,4571	-0,43349	-0,42385	-0,43901	-0,38093	-0,5042	-0,57726	-0,47569
2020-03-13	-0,45861	-0,51269	-0,49263	-0,50055	-0,43043	-0,4145	-0,40627	-0,41895	-0,35628	-0,48416	-0,5772	-0,4593
2020-03-16	-0,50504	-0,57677	-0,62248	-0,6352	-0,63936	-0,47893	-0,46918	-0,48488	-0,41362	-0,55673	-0,57956	-0,54198
2020-03-17	-0,54375	-0,58035	-0,61823	-0,58024	-0,63354	-0,47842	-0,46792	-0,48932	-0,414	-0,55567	-0,60876	-0,54274
2020-03-18	-0,65359	-0,66051	-0,64997	-0,67439	-0,68815	-0,50816	-0,49773	-0,52113	-0,46917	-0,61995	-0,66471	-0,60068
2020-03-19	-0,58267	-0,64916	-0,64746	-0,67287	-0,68581	-0,48662	-0,47526	-0,49975	-0,45114	-0,59594	-0,63404	-0,58007
2020-03-20	-0,67523	-0,62592	-0,68339	-0,70409	-0,77119	-0,49542	-0,48486	-0,50954	-0,46739	-0,62395	-0,63622	-0,60702
2020-03-23	-0,6037	-0,64173	-0,76406	-0,80501	-0,8151	-0,47757	-0,4702	-0,49139	-0,48785	-0,62965	-0,68182	-0,62437
2020-03-24	-0,6418	-0,63634	-0,77073	-0,81314	-0,80152	-0,46099	-0,45129	-0,47858	-0,44892	-0,63975	-0,65561	-0,61806
2020-03-25	-0,65342	-0,6205	-0,71697	-0,76101	-0,80151	-0,46041	-0,45103	-0,47866	-0,45888	-0,63864	-0,64119	-0,60747
2020-03-26	-0,72049	-0,65033	-0,71955	-0,77883	-0,79443	-0,46909	-0,46065	-0,48008	-0,4821	-0,61745	-0,61599	-0,61718
2020-03-27	-0,73891	-0,66117	-0,69846	-0,75664	-0,81328	-0,46797	-0,44952	-0,47898	-0,47915	-0,5962	-0,61129	-0,61378
2020-03-30	-0,76574	-0,7175	-0,69907	-0,75742	-0,81342	-0,48923	-0,47056	-0,5	-0,49879	-0,61762	-0,6125	-0,63108
2020-03-31	-0,66699	-0,78503	-0,70457	-0,76112	-0,84189	-0,5066	-0,48744	-0,5243	-0,4957	-0,63622	-0,54688	-0,63243
2020-04-01	-0,67568	-0,78516	-0,73029	-0,77188	-0,84803	-0,53722	-0,52783	-0,55403	-0,52275	-0,66356	-0,60156	-0,65618
2020-04-02	-0,59686	-0,70756	-0,7401	-0,71766	-0,80766	-0,50755	-0,50025	-0,52677	-0,50235	-0,6349	-0,55663	-0,61803
2020-04-03	-0,54346	-0,65143	-0,72723	-0,69367	-0,78587	-0,45596	-0,4493	-0,4776	-0,45181	-0,58221	-0,51618	-0,57588
2020-04-06	-0,58463	-0,67711	-0,68022	-0,70816	-0,81771	-0,48886	-0,48141	-0,51077	-0,48495	-0,61108	-0,53398	-0,59808
2020-04-07	-0,6343	-0,68926	-0,71315	-0,7414	-0,86484	-0,50862	-0,50219	-0,53111	-0,52164	-0,63163	-0,55346	-0,62651
2020-04-08	-0,61015	-0,64489	-0,68549	-0,71386	-0,84955	-0,50642	-0,49878	-0,52824	-0,54029	-0,62875	-0,53917	-0,61323
2020-04-09	-0,64562	-0,71758	-0,71456	-0,72643	-0,85431	-0,52849	-0,52283	-0,55473	-0,56671	-0,65379	-0,52872	-0,63762
2020-04-13	-0,64986	-0,71734	-0,70005	-0,70606	-0,8379	-0,51836	-0,51282	-0,54514	-0,57232	-0,64239	-0,48353	-0,62598
2020-04-14	-0,68233	-0,69337	-0,70074	-0,69068	-0,84864	-0,54016	-0,53369	-0,56561	-0,64028	-0,66379	-0,44961	-0,63717
2020-04-15	-0,68817	-0,7201	-0,70991	-0,70239	-0,85134	-0,56101	-0,55614	-0,58169	-0,65932	-0,68577	-0,45656	-0,65204
2020-04-16	-0,68905	-0,73728	-0,70958	-0,71271	-0,87225	-0,54545	-0,5405	-0,56018	-0,644	-0,67004	-0,4432	-0,64766
2020-04-17	-0,714	-0,72069	-0,7022	-0,70398	-0,86818	-0,53906	-0,53353	-0,55764	-0,63876	-0,66415	-0,37903	-0,63829
2020-04-20	-0,86082	-0,75449	-0,7261	-0,72886	-0,88739	-0,57129	-0,56585	-0,5903	-0,66879	-0,69789	-0,41129	-0,67846
2020-04-21	-0,8643	-0,87102	-0,78052	-0,81372	-0,84743	-0,64921	-0,64313	-0,67169	-0,71224	-0,77585	-0,50394	-0,73937
2020-04-22	-0,79408	-0,81489	-0,72753	-0,75	-0,78185	-0,64962	-0,64356	-0,6686	-0,70615	-0,75049	-0,46456	-0,70467
2020-04-23	-0,77168	-0,79535	-0,72217	-0,75774	-0,79867	-0,6562	-0,64933	-0,67791	-0,72418	-0,75347	-0,45802	-0,70588
2020-04-24	-0,75487	-0,78823	-0,70869	-0,754	-0,78708	-0,68388	-0,67762	-0,71889	-0,74378	-0,77596	-0,4948	-0,71707
2020-04-27	-0,80771	-0,78643	-0,71208	-0,75209	-0,74224	-0,72123	-0,70548	-0,72864	-0,73732	-0,79213	-0,4977	-0,72573
2020-04-28	-0,80439	-0,78096	-0,7001	-0,73879	-0,73715	-0,71309	-0,69854	-0,72405	-0,7296	-0,78873	-0,47806	-0,71759
2020-04-29	-0,76437	-0,7526	-0,66715	-0,70829	-0,70677	-0,68211	-0,66795	-0,68247	-0,70109	-0,75628	-0,4613	-0,6864
2020-04-30	-0,6974	-0,74851	-0,66383	-0,69354	-0,69553	-0,65099	-0,63797	-0,65752	-0,67753	-0,74227	-0,45955	-0,66588
2020-05-01	-0,68065	-0,73795	-0,65786	-0,6834	-0,6866	-0,62917	-0,61721	-0,65265	-0,70893	-0,75709	-0,44068	-0,65929
2020-05-04	-0,66973	-0,71647	-0,60984	-0,64344	-0,65796	-0,61993	-0,60533	-0,63879	-0,67647	-0,74557	-0,43813	-0,63833
2020-05-05	-0,60578	-0,64614	-0,57568	-0,5956	-0,63978	-0,58686	-0,57253	-0,60187	-0,65159	-0,71185	-0,35788	-0,59505
2020-05-06	-0,61114	-0,65906	-0,57166	-0,58772	-0,6318	-0,63234	-0,59803	-0,63526	-0,69118	-0,7422	-0,36441	-0,61135
2020-05-07	-0,61886	-0,65916	-0,55996	-0,57606	-0,59485	-0,63016	-0,5963	-0,63302	-0,68704	-0,73917	-0,35932	-0,6049
2020-05-08	-0,59841	-0,65685	-0,54275	-0,55496	-0,56317	-0,59832	-0,56357	-0,59388	-0,64554	-0,70713	-0,37086	-0,5814
2020-05-11	-0,61038	-0,64359	-0,55808	-0,57241	-0,54001	-0,61103	-0,57769	-0,6002	-0,62185	-0,72222	-0,39005	-0,58614
2020-05-12	-0,5775	-0,63138	-0,56955	-0,57135	-0,54482	-0,63105	-0,59714	-0,61982	-0,64027	-0,68071	-0,37143	-0,585
2020-05-13	-0,58962	-0,61547	-0,60802	-0,60613	-0,58254	-0,63238	-0,59795	-0,62076	-0,65916	-0,68102	-0,35417	-0,5952
2020-05-14	-0,55828	-0,59133	-0,57441	-0,56955	-0,55373	-0,59903	-0,58705	-0,59225	-0,63663	-0,65335	-0,31	-0,56596
2020-05-15	-0,53218	-0,58568	-0,56468	-0,55739	-0,54367	-0,59601	-0,58494	-0,58979	-0,6369	-0,6501	-0,29685	-0,55802
2020-05-18	-0,49291	-0,54963	-0,51818	-0,51699	-0,50222	-0,54207	-0,53155	-0,5301	-0,58626	-0,59765	-0,22896	-0,50878
2020-05-19	-0,48828	-0,54842	-0,50741	-0,51465	-0,4874	-0,5628	-0,55197	-0,55676	-0,58001	-0,61789	-0,21552	-0,51192
2020-05-20	-0,46747	-0,52344	-0,50281	-0,51869	-0,48056	-0,5528	-0,54257	-0,54684	-0,56328	-0,59568	-0,19031	-0,49859
2020-05-21	-0,44155	-0,51654	-0,4927	-0,51255	-0,45497	-0,54419	-0,53428	-0,53893	-0,53298	-0,58518	-0,13874	-0,48115
2020-05-22	-0,41908	-0,50563	-0,48106	-0,51585	-0,43849	-0,53172	-0,52236	-0,52585	-0,52284	-0,57323	-0,13295	-0,46991
2020-05-26	-0,40582	-0,50059	-0,48107	-0,50753	-0,44645	-0,5258	-0,52141	-0,52147	-0,50463	-0,58157	-0,12642	-0,4657
2020-05-27	-0,44322	-0,53369	-0,51223	-0,53793	-0,47423	-0,54124	-0,53665	-0,54048	-0,51847	-0,59464	-0,18953	-0,49294
2020-05-28	-0,42777	-0,51897	-0,51017	-0,53707	-0,47084	-0,55761	-0,55274	-0,53542	-0,52448	-0,58377	-0,15741	-0,48875
2020-05-29	-0,37011	-0,50899	-0,47363	-0,50055	-0,42175	-0,50557	-0,5	-0,49572	-0,47338	-0,54347	-0,14259	-0,4487
2020-06-01	-0,33651	-0,44984	-0,42386	-0,45	-0,37079	-0,46324	-0,4793	-0,47134	-0,43714	-0,52497	-0,04752	-0,40496
2020-06-02	-0,30742	-0,40279	-0,37338	-0,39809	-0,34481	-0,42117	-0,43087	-0,42378	-0,39766	-0,48154	0,03138	-0,3591
2020-06-03	-0,30224	-0,40245	-0,3856	-0,40796	-0,35764	-0,4654	-0,44292	-0,45506	-0,41995	-0,50812	0,12613	-0,36557
2020-06-04	-0,27438	-0,38188	-0,35789	-0,36985	-0,32071	-0,44005	-0,41615	-0,42527	-0,39709	-0,48446	0,20813	-0,33269
2020-06-05	-0,2491	-0,34682	-0,3199	-0,34362	-0,30112	-0,41395	-0,39046	-0,39478	-0,37288	-0,45894	0,16667	-0,31136
2020-06-08	-0,29249	-0,38128	-0,33095	-0,35357	-0,31557	-0,43318	-0,40847	-0,41437	-0,39087	-0,4786	0,06316	-0,33965
2020-06-09	-0,26908	-0,37102	-0,32735	-0,34122	-0,30704	-0,41044	-0,38602	-0,38845	-0,36965	-0,45597	0,11872	-0,31887
2020-06-10	-0,25816	-0,35211	-0,34364	-0,34962	-0,31902	-0,40825	-0,38347	-0,37972	-0,36679	-0,455	0,1816	-0,3122
2020-06-11	-0,2875	-0,38761	-0,37035	-0,37993	-0,3157	-0,43356	-0,40986	-0,40962	-0,39332	-0,47099	0,21092	-0,33159
2020-06-12	-0,30813	-0,39096	-0,37589	-0,37485	-0,28227	-0,4095	-0,3871	-0,39693	-0,35647	-0,45567	0,1899	-0,32253
2020-06-15	-0,2935	-0,37526	-0,35509	-0,35069	-0,26298	-0,40367	-0,38056	-0,39194	-0,34942	-0,44172	0,12785	-0,31609
2020-06-16	-0,26338	-0,34863	-0,31471	-0,31437	-0,21495	-0,36389	-0,33929	-0,35857	-0,31048	-0,40567	0,21205	-0,27472
2020-06-17	-0,29614	-0,36117	-0,32054	-0,31413	-0,21408	-0,37243	-0,34923	-0,36506	-0,32073	-0,42181	0,17523	-0,28728
2020-06-18	-0,27819	-0,33572	-0,30711	-0,29503	-0,19003	-0,36167	-0,33845	-0,35531	-0,32	-0,41167	0,1986	-0,27224
2020-06-19	-0,30169	-0,35315	-0,32469	-0,32814	-0,21275	-0,37977	-0,35707	-0,3727	-0,33847	-0,42757	0,12061	-0,29776
2020-06-22	-0,29207	-0,34536	-0,32611	-0,33887	-0,20887	-0,37964	-0,35931	-0,36999	-0,35546	-0,42675	0,10148	-0,30009
2020-06-23	-0,30019	-0,34438	-0,31421	-0,31908	-0,20904	-0,38334	-0,36579	-0,38172	-0,36607	-0,4391	0,10753	-0,3014
2020-06-24	-0,34218	-0,3901	-0,38338	-0,39493	-0,32212	-0,42036	-0,39572	-0,41436	-0,3996	-0,46812	0,04701	-0,35308
2020-06-25	-0,34663	-0,38399	-0,39576	-0,41049	-0,34291	-0,42687	-0,40509	-0,42434	-0,4097	-0,4777	-0,02424	-0,36797
2020-06-26	-0,34894	-0,38649	-0,42693	-0,43187	-0,40168	-0,43939	-0,42022	-0,43838	-0,42574	-0,49295	-0,02664	-0,38538
2020-06-29	-0,31838	-0,38418	-0,3999	-0,40321	-0,38276	-0,41086	-0,39358	-0,40361	-0,40241	-0,46716	-0,06405	-0,36637
2020-06-30	-0,33339	-0,36037	-0,38722	-0,38383	-0,38081	-0,41253	-0,39538	-0,39937	-0,40199	-0,46736	-0,04762	-0,3609
2020-07-01	-0,28786	-0,32749	-0,37705	-0,36228	-0,36623	-0,384	-0,36575	-0,37126	-0,37654	-0,45099	0,02222	-0,33156
2020-07-02	-0,28899	-0,32016	-0,37103	-0,37294	-0,34448	-0,36896	-0,35594	-0,36216	-0,36997	-0,44592	-0,03138	-0,33018
2020-07-03	-0,28899	-0,32537	-0,37103	-0,37294	-0,34448	-0,36896	-0,35594	-0,36216	-0,36997	-0,44592	-0,03138	-0,33065
2020-07-06	-0,29005	-0,33473	-0,37207	-0,37666	-0,32776	-0,36144	-0,34227	-0,35189	-0,35674	-0,42888	0	-0,32205
2020-07-07	-0,29224	-0,33303	-0,35024	-0,35753	-0,28786	-0,36505	-0,34339	-0,35095	-0,35487	-0,43003	0,03789	-0,31157
2020-07-08	-0,28939	-0,32084	-0,34458	-0,36253	-0,29224	-0,36499	-0,35144	-0,36022	-0,35505	-0,43545	0,05342	-0,31121
2020-07-09	-0,3424	-0,36229	-0,38975	-0,40143	-0,33284	-0,39251	-0,38209	-0,3884	-0,3871	-0,46018	-0,03168	-0,35188
2020-07-10	-0,32321	-0,36029	-0,37235	-0,39182	-0,30501	-0,3841	-0,37475	-0,38282	-0,3686	-0,45586	-0,05512	-0,34308
2020-07-13	-0,33222	-0,35709	-0,37175	-0,40083	-0,30582	-0,40328	-0,38617	-0,39358	-0,38347	-0,46727	0,01702	-0,34404
2020-07-14	-0,3204	-0,35731	-0,35587	-0,38552	-0,28777	-0,3911	-0,375	-0,38429	-0,37248	-0,45311	-0,02028	-0,33665
2020-07-15	-0,28273	-0,33262	-0,34601	-0,37473	-0,2818	-0,36615	-0,34921	-0,35768	-0,34974	-0,42205	-0,00605	-0,31534
2020-07-16	-0,27894	-0,31349	-0,34933	-0,37865	-0,28266	-0,36692	-0,34626	-0,35664	-0,34682	-0,43131	-0,06977	-0,32007
2020-07-17	-0,2638	-0,28287	-0,34411	-0,37416	-0,31288	-0,36762	-0,3479	-0,36081	-0,34475	-0,43474	-0,06067	-0,31766
2020-07-20	-0,26326	-0,29063	-0,34279	-0,35863	-0,32165	-0,36583	-0,34583	-0,35695	-0,33103	-0,43076	-0,02778	-0,31228
2020-07-21	-0,25255	-0,28486	-0,30617	-0,3197	-0,28209	-0,34578	-0,32543	-0,33925	-0,31883	-0,41105	0,0261	-0,28724
2020-07-22	-0,25981	-0,29383	-0,31798	-0,3479	-0,25516	-0,35446	-0,33316	-0,34769	-0,33402	-0,42009	0,03	-0,29401
2020-07-23	-0,26673	-0,32696	-0,33677	-0,35061	-0,27711	-0,35768	-0,33824	-0,35726	-0,33177	-0,41732	0,046	-0,30131
2020-07-24	-0,26217	-0,31795	-0,3328	-0,34534	-0,25777	-0,35661	-0,33684	-0,35814	-0,33055	-0,41319	0,06557	-0,29507
2020-07-27	-0,26017	-0,30532	-0,33601	-0,34517	-0,30142	-0,35486	-0,33613	-0,353	-0,32811	-0,40379	0,05123	-0,29752
2020-07-28	-0,28074	-0,30791	-0,33961	-0,35519	-0,30433	-0,36557	-0,34676	-0,36412	-0,34061	-0,42386	0,01639	-0,31021
2020-07-29	-0,29135	-0,3044	-0,36248	-0,37863	-0,32438	-0,36966	-0,35113	-0,36905	-0,34439	-0,42806	-0,01619	-0,32179
2020-07-30	-0,31915	-0,32917	-0,36974	-0,39787	-0,33002	-0,3925	-0,37838	-0,38522	-0,36135	-0,44405	0,07865	-0,32989
2020-07-31	-0,25242	-0,31431	-0,35307	-0,36957	-0,26961	-0,36339	-0,34677	-0,35401	-0,32922	-0,41559	0,13093	-0,29428
2020-08-03	-0,26657	-0,28403	-0,34473	-0,36281	-0,25645	-0,35329	-0,33584	-0,3521	-0,31889	-0,40875	0,13034	-0,28665
2020-08-04	-0,23723	-0,25843	-0,32007	-0,3406	-0,24858	-0,32887	-0,3155	-0,33333	-0,29555	-0,38855	0,23002	-0,25788
2020-08-05	-0,21175	-0,23384	-0,29806	-0,30314	-0,22287	-0,32645	-0,30735	-0,32191	-0,28156	-0,37284	0,11038	-0,25176
2020-08-06	-0,18009	-0,18154	-0,2741	-0,2743	-0,21272	-0,31522	-0,29836	-0,30983	-0,27016	-0,35341	0,27835	-0,2174
2020-08-07	-0,21749	-0,21709	-0,29094	-0,28536	-0,22222	-0,33276	-0,31759	-0,32988	-0,2779	-0,37557	0,2575	-0,23721
2020-08-10	-0,22919	-0,22974	-0,28112	-0,27737	-0,21412	-0,33333	-0,31793	-0,32284	-0,27535	-0,36648	0,27	-0,23431
2020-08-11	-0,24463	-0,23543	-0,30095	-0,29477	-0,23127	-0,33559	-0,3202	-0,3244	-0,29014	-0,36467	0,2525	-0,2445
2020-08-12	-0,25329	-0,24725	-0,29914	-0,29246	-0,24379	-0,35063	-0,32939	-0,34228	-0,31487	-0,39052	0,24444	-0,25629
2020-08-13	-0,23387	-0,22451	-0,27375	-0,26878	-0,18878	-0,34372	-0,32803	-0,33445	-0,30806	-0,39056	0,2987	-0,23598
2020-08-14	-0,22858	-0,21806	-0,24985	-0,24842	-0,20057	-0,33314	-0,31735	-0,32558	-0,29711	-0,37952	0,36141	-0,22152
2020-08-17	-0,21776	-0,23881	-0,24171	-0,25478	-0,18686	-0,33484	-0,3267	-0,32431	-0,29607	-0,37366	0,38082	-0,21952
2020-08-18	-0,23738	-0,24168	-0,24718	-0,22114	-0,15138	-0,33705	-0,32217	-0,32794	-0,31914	-0,37715	0,34309	-0,22174
2020-08-19	-0,23621	-0,23412	-0,25015	-0,22565	-0,1608	-0,3473	-0,33243	-0,34253	-0,329	-0,39989	0,35638	-0,22742
2020-08-20	-0,23414	-0,26469	-0,24927	-0,2775	-0,1616	-0,34945	-0,33818	-0,33535	-0,3276	-0,39475	0,33947	-0,23573
2020-08-21	-0,23513	-0,26534	-0,2497	-0,26978	-0,16921	-0,3657	-0,34584	-0,35425	-0,34625	-0,40684	0,33684	-0,24284
2020-08-24	-0,21524	-0,24233	-0,18312	-0,18638	-0,14097	-0,33145	-0,31788	-0,32507	-0,3267	-0,37885	0,23487	-0,21938
2020-08-25	-0,19369	-0,21538	-0,16616	-0,17034	-0,13697	-0,323	-0,30825	-0,31161	-0,30627	-0,35158	0,2201	-0,20574
2020-08-26	-0,21422	-0,21646	-0,2006	-0,2089	-0,18324	-0,33948	-0,32468	-0,30376	-0,31181	-0,35159	0,1986	-0,22329
2020-08-27	-0,23099	-0,25786	-0,27368	-0,27041	-0,3125	-0,36683	-0,35722	-0,33553	-0,34661	-0,39419	0,1814	-0,26949
2020-08-28	-0,24193	-0,25367	-0,24824	-0,24609	-0,32473	-0,36428	-0,35477	-0,33297	-0,32455	-0,39128	0,20706	-0,2614
2020-08-31	-0,22626	-0,25917	-0,24589	-0,24193	-0,32133	-0,36646	-0,35049	-0,34688	-0,32015	-0,39039	0,23614	-0,25753
2020-09-01	-0,22353	-0,21913	-0,22094	-0,28068	-0,32788	-0,35258	-0,33516	-0,34076	-0,32278	-0,39039	0,24819	-0,25142
2020-09-02	-0,20683	-0,2629	-0,16656	-0,23511	-0,28694	-0,3664	-0,35019	-0,35613	-0,33708	-0,39966	0,23892	-0,24808
2020-09-03	-0,26379	-0,29598	-0,2494	-0,2409	-0,33837	-0,41199	-0,39703	-0,39643	-0,37551	-0,42583	0,16166	-0,29396
2020-09-04	-0,2954	-0,3445	-0,27104	-0,27539	-0,33692	-0,41756	-0,40202	-0,3987	-0,39228	-0,4299	0,125	-0,31261
2020-09-07	-0,2969	-0,33633	-0,28638	-0,29042	-0,34682	-0,42128	-0,40518	-0,40258	-0,39748	-0,43115	0,13793	-0,31605
2020-09-08	-0,36299	-0,39787	-0,33082	-0,33696	-0,34727	-0,46447	-0,44751	-0,44503	-0,44968	-0,47334	0,01333	-0,36751
2020-09-09	-0,33676	-0,38178	-0,32389	-0,32911	-0,32038	-0,45881	-0,43724	-0,43935	-0,43939	-0,45997	0,03386	-0,35389
2020-09-10	-0,33076	-0,37686	-0,32961	-0,3487	-0,35828	-0,46681	-0,43757	-0,44647	-0,44957	-0,47767	0,04157	-0,36188
2020-09-11	-0,32287	-0,36142	-0,31209	-0,33517	-0,35924	-0,44575	-0,42608	-0,43174	-0,43582	-0,45264	0,10981	-0,343
2020-09-14	-0,32012	-0,37029	-0,3102	-0,31576	-0,3547	-0,44283	-0,42525	-0,42935	-0,42944	-0,4505	0,1338	-0,3377
2020-09-15	-0,39319	-0,4221	-0,3588	-0,36099	-0,39239	-0,49444	-0,47028	-0,47567	-0,47169	-0,49746	-0,0159	-0,39572
2020-09-16	-0,32214	-0,3714	-0,305	-0,30457	-0,38545	-0,46479	-0,44383	-0,44923	-0,44156	-0,47654	0,06875	-0,35416
2020-09-17	-0,29558	-0,34127	-0,27912	-0,29179	-0,39397	-0,43927	-0,41838	-0,42054	-0,41318	-0,45497	0,15801	-0,32637
2020-09-18	-0,29386	-0,34381	-0,29153	-0,31268	-0,37596	-0,45179	-0,4223	-0,44057	-0,42919	-0,4702	0,13111	-0,33643
2020-09-21	-0,32217	-0,38111	-0,30576	-0,32953	-0,39341	-0,46297	-0,436	-0,46005	-0,44757	-0,49617	0,06695	-0,36071
2020-09-22	-0,32612	-0,36839	-0,31162	-0,32911	-0,445	-0,47118	-0,44255	-0,46571	-0,44002	-0,50772	0,06911	-0,36712
2020-09-23	-0,30234	-0,35927	-0,29519	-0,31554	-0,43158	-0,46502	-0,43696	-0,45388	-0,42521	-0,50026	0,10667	-0,3526
2020-09-24	-0,28858	-0,33921	-0,28563	-0,2852	-0,40915	-0,45642	-0,42894	-0,43998	-0,41675	-0,48423	0,0917	-0,34022
2020-09-25	-0,2877	-0,34101	-0,28758	-0,27183	-0,4081	-0,4499	-0,42382	-0,43469	-0,41253	-0,4795	0,08085	-0,3378
2020-09-28	-0,27668	-0,33435	-0,26397	-0,25641	-0,38282	-0,43932	-0,41273	-0,42415	-0,40202	-0,47189	0,11522	-0,32265
2020-09-29	-0,27842	-0,33874	-0,27592	-0,27256	-0,30716	-0,43866	-0,41724	-0,43587	-0,41191	-0,47732	0,11454	-0,32175
2020-09-30	-0,2528	-0,329	-0,2567	-0,27111	-0,28321	-0,41645	-0,39528	-0,41534	-0,39228	-0,43892	0,14806	-0,30027
2020-10-01	-0,26884	-0,31371	-0,27988	-0,28348	-0,5448	-0,41838	-0,39776	-0,41522	-0,40396	-0,44829	0,15023	-0,32946
2020-10-02	-0,29594	-0,34494	-0,28148	-0,30144	-0,53846	-0,44135	-0,42251	-0,44024	-0,42438	-0,47455	0,1224	-0,34935
2020-10-05	-0,25965	-0,32725	-0,24507	-0,25622	-0,51253	-0,41596	-0,40063	-0,42021	-0,4011	-0,44342	0,17512	-0,31881
2020-10-06	-0,23199	-0,30592	-0,23238	-0,24476	-0,50808	-0,39968	-0,38349	-0,39553	-0,39191	-0,42511	0,10043	-0,31077
2020-10-07	-0,24354	-0,30134	-0,25105	-0,24506	-0,45872	-0,40668	-0,3872	-0,40075	-0,3907	-0,4278	0,08668	-0,31147
2020-10-08	-0,22022	-0,29648	-0,24662	-0,23129	-0,43126	-0,39706	-0,37786	-0,38789	-0,39583	-0,4137	0,08163	-0,30151
2020-10-09	-0,2451	-0,29536	-0,27797	-0,27377	-0,45627	-0,40146	-0,38326	-0,38759	-0,40087	-0,41002	0,09583	-0,31235
2020-10-12	-0,28378	-0,33157	-0,30244	-0,2972	-0,49553	-0,42407	-0,40844	-0,41715	-0,42037	-0,43601	0,09705	-0,33814
2020-10-13	-0,25275	-0,29706	-0,28918	-0,28927	-0,47544	-0,40794	-0,38854	-0,39796	-0,41553	-0,42079	0,13147	-0,31846
2020-10-14	-0,22628	-0,29363	-0,2782	-0,28571	-0,47631	-0,39121	-0,37888	-0,38634	-0,40651	-0,40781	0,16776	-0,30574
2020-10-15	-0,23549	-0,29831	-0,29195	-0,2965	-0,48039	-0,41019	-0,38917	-0,39333	-0,41047	-0,41849	0,16847	-0,31417
2020-10-16	-0,24476	-0,30345	-0,30532	-0,30863	-0,3997	-0,42076	-0,39919	-0,4018	-0,43468	-0,42887	0,1383	-0,31899
2020-10-19	-0,24298	-0,31137	-0,31411	-0,31534	-0,38385	-0,43817	-0,40847	-0,41189	-0,41871	-0,42376	0,14839	-0,32002
2020-10-20	-0,22354	-0,29398	-0,29598	-0,29174	-0,35297	-0,42857	-0,40071	-0,40191	-0,42354	-0,42263	0,14871	-0,3079
2020-10-21	-0,26434	-0,33736	-0,31414	-0,31727	-0,3326	-0,44433	-0,41667	-0,42418	-0,43878	-0,44817	0,12527	-0,32841
2020-10-22	-0,27621	-0,31791	-0,32346	-0,3181	-0,33315	-0,44157	-0,41405	-0,41724	-0,43497	-0,44526	0,16957	-0,32294
2020-10-23	-0,29193	-0,3403	-0,33899	-0,33015	-0,34022	-0,45221	-0,42342	-0,42174	-0,4312	-0,45365	0,16379	-0,33273
2020-10-26	-0,32077	-0,37061	-0,35791	-0,35066	-0,3478	-0,45873	-0,43167	-0,43216	-0,42877	-0,46275	0,13034	-0,34832
2020-10-27	-0,29245	-0,34228	-0,34529	-0,3373	-0,37643	-0,43747	-0,41048	-0,41058	-0,39112	-0,43936	0,15532	-0,32977
2020-10-28	-0,32653	-0,37985	-0,37968	-0,38389	-0,41206	-0,45748	-0,4285	-0,42283	-0,41584	-0,46072	0,12979	-0,35796
2020-10-29	-0,34476	-0,39289	-0,38636	-0,38795	-0,40713	-0,46307	-0,43043	-0,41721	-0,42982	-0,46091	0,05567	-0,36953
2020-10-30	-0,34024	-0,38735	-0,37362	-0,37952	-0,48171	-0,45749	-0,4235	-0,41127	-0,41168	-0,45167	0,04902	-0,36991
2020-11-02	-0,3469	-0,37211	-0,37822	-0,38006	-0,49214	-0,45558	-0,42332	-0,4107	-0,42994	-0,45259	0,07647	-0,36955
2020-11-03	-0,33535	-0,38948	-0,37045	-0,37201	-0,46966	-0,44915	-0,42068	-0,40767	-0,39963	-0,43302	0,06796	-0,36174
2020-11-04	-0,3168	-0,36735	-0,36804	-0,36412	-0,45508	-0,43875	-0,40641	-0,38907	-0,39454	-0,42658	0,10372	-0,34755
2020-11-05	-0,31327	-0,36451	-0,33891	-0,33927	-0,44086	-0,43155	-0,39979	-0,38028	-0,38849	-0,41408	0,10176	-0,3372
2020-11-06	-0,35038	-0,39169	-0,35277	-0,35468	-0,35783	-0,44287	-0,40489	-0,38181	-0,38515	-0,42175	0,0835	-0,34185
2020-11-09	-0,29761	-0,33984	-0,31445	-0,31022	-0,34963	-0,41004	-0,3679	-0,35493	-0,35957	-0,38533	0,08108	-0,30986
2020-11-10	-0,2778	-0,32486	-0,29191	-0,28297	-0,33017	-0,39226	-0,34914	-0,3337	-0,34001	-0,36836	0,05212	-0,29446
2020-11-11	-0,27245	-0,31661	-0,28664	-0,28231	-0,32233	-0,38759	-0,34769	-0,32724	-0,33775	-0,36424	0,05905	-0,28962
2020-11-12	-0,28094	-0,32295	-0,31381	-0,31154	-0,3316	-0,40492	-0,36501	-0,34322	-0,37855	-0,38268	0,04128	-0,30854
2020-11-13	-0,29415	-0,33541	-0,31802	-0,32127	-0,3468	-0,41868	-0,37804	-0,35479	-0,39397	-0,38756	0,03962	-0,31901
2020-11-16	-0,28502	-0,32549	-0,30962	-0,30741	-0,28701	-0,41447	-0,37602	-0,35409	-0,36731	-0,39508	0,01103	-0,31004
2020-11-17	-0,2742	-0,32283	-0,29082	-0,29599	-0,30028	-0,3931	-0,35063	-0,33037	-0,35047	-0,37514	0,02647	-0,29612
2020-11-18	-0,24194	-0,31201	-0,28873	-0,28653	-0,27973	-0,35722	-0,32332	-0,3017	-0,31753	-0,34377	0,01338	-0,27628
2020-11-19	-0,26697	-0,32461	-0,30594	-0,29865	-0,2423	-0,36344	-0,32878	-0,31098	-0,33184	-0,35118	-0,09124	-0,29236
2020-11-20	-0,2805	-0,3262	-0,31236	-0,31032	-0,25168	-0,37435	-0,33813	-0,32286	-0,32992	-0,35175	-0,08393	-0,29836
2020-11-23	-0,25607	-0,30588	-0,29313	-0,28649	-0,19788	-0,36312	-0,3275	-0,31139	-0,34644	-0,35486	-0,05063	-0,28122
2020-11-24	-0,22634	-0,27895	-0,25954	-0,2642	-0,14572	-0,3354	-0,29692	-0,28288	-0,32058	-0,32649	-0,02015	-0,25065
2020-11-25	-0,21751	-0,27029	-0,24612	-0,2537	-0,15778	-0,32701	-0,28739	-0,27828	-0,27091	-0,3197	-0,00909	-0,2398
2020-11-26	-0,21576	-0,28771	-0,23512	-0,23881	-0,1417	-0,31863	-0,28117	-0,2717	-0,25829	-0,31713	-0,00909	-0,2341
2020-11-27	-0,21576	-0,2752	-0,23512	-0,23881	-0,1417	-0,31863	-0,28117	-0,2717	-0,25829	-0,31713	-0,00909	-0,23296
2020-11-30	-0,2223	-0,2738	-0,25846	-0,26481	-0,19954	-0,33005	-0,29913	-0,28403	-0,27313	-0,33063	0,03455	-0,24558
2020-12-01	-0,20422	-0,25585	-0,22257	-0,22987	-0,14985	-0,31083	-0,29297	-0,27655	-0,24222	-0,31459	0,05185	-0,22251
2020-12-02	-0,19448	-0,24067	-0,2035	-0,21149	-0,09825	-0,30011	-0,27996	-0,26412	-0,21111	-0,30461	0,10417	-0,20037
2020-12-03	-0,21912	-0,2587	-0,21559	-0,20935	-0,14249	-0,3127	-0,28141	-0,26754	-0,19219	-0,29389	0,09756	-0,20867
2020-12-04	-0,20866	-0,25232	-0,2247	-0,21849	-0,15523	-0,30942	-0,27915	-0,2625	-0,1939	-0,3006	0,14038	-0,20587
2020-12-07	-0,2277	-0,26872	-0,24007	-0,24082	-0,17383	-0,31625	-0,28557	-0,26861	-0,2027	-0,30185	0,14672	-0,21631
2020-12-08	-0,22631	-0,2649	-0,23793	-0,23694	-0,19039	-0,30729	-0,27763	-0,26096	-0,16287	-0,29235	0,12597	-0,21196
2020-12-09	-0,23202	-0,26679	-0,22824	-0,22236	-0,17316	-0,3208	-0,28927	-0,27131	-0,1808	-0,31018	0,13204	-0,21481
2020-12-10	-0,20395	-0,23007	-0,19761	-0,18963	-0,14214	-0,29005	-0,25943	-0,23661	-0,15147	-0,28321	0,14423	-0,18545
2020-12-11	-0,21274	-0,24989	-0,20215	-0,18774	-0,1146	-0,2999	-0,2684	-0,24581	-0,16255	-0,28548	0,13269	-0,1906
2020-12-14	-0,21777	-0,2546	-0,20623	-0,19602	-0,12665	-0,29842	-0,26791	-0,24655	-0,16085	-0,28257	0,17255	-0,18955
2020-12-15	-0,20977	-0,25382	-0,20667	-0,17568	-0,15541	-0,30676	-0,27313	-0,25407	-0,19169	-0,2867	0,20196	-0,19198
2020-12-16	-0,21386	-0,26323	-0,19803	-0,16667	-0,16169	-0,30731	-0,27407	-0,25993	-0,20274	-0,29761	0,21154	-0,19396
2020-12-17	-0,20663	-0,25926	-0,18051	-0,16133	-0,14923	-0,29385	-0,26407	-0,24545	-0,20479	-0,28228	0,34449	-0,17299
2020-12-18	-0,2	-0,25151	-0,18332	-0,17799	-0,12368	-0,28814	-0,25505	-0,24277	-0,22355	-0,28306	0,25249	-0,17969
2020-12-21	-0,20917	-0,26289	-0,20561	-0,20193	-0,14889	-0,30461	-0,27291	-0,25934	-0,24251	-0,30088	0,41582	-0,18117
2020-12-22	-0,22294	-0,26093	-0,21689	-0,22295	-0,16308	-0,31238	-0,27759	-0,27707	-0,24477	-0,31963	0,42857	-0,18997
2020-12-23	-0,21628	-0,26292	-0,19966	-0,20495	-0,09406	-0,29995	-0,265	-0,2649	-0,22707	-0,30495	0,50427	-0,16686
2020-12-24	-0,21236	-0,26538	-0,20079	-0,20612	-0,09521	-0,29995	-0,26549	-0,26643	-0,22903	-0,30648	0,50427	-0,16754
2020-12-28	-0,23089	-0,26165	-0,21793	-0,22575	-0,13315	-0,31361	-0,27664	-0,27563	-0,25469	-0,32172	0,60268	-0,17354
2020-12-29	-0,22397	-0,26149	-0,19762	-0,20629	-0,11669	-0,30788	-0,2704	-0,26735	-0,27268	-0,31145	0,68129	-0,1595
2020-12-30	-0,21099	-0,25129	-0,17261	-0,17679	-0,09206	-0,3014	-0,27052	-0,2617	-0,26943	-0,30227	0,82324	-0,13507
2020-12-31	-0,20919	-0,24421	-0,17261	-0,1869	-0,09206	-0,3024	-0,27151	-0,26375	-0,27754	-0,30999	0,81114	-0,13809
2021-01-04	-0,24651	-0,27085	-0,21763	-0,22672	-0,14254	-0,33104	-0,28968	-0,2923	-0,29801	-0,33469	0,6129	-0,18519
2021-01-05	-0,21321	-0,24327	-0,16713	-0,17075	-0,11209	-0,28493	-0,24666	-0,24331	-0,25993	-0,29109	0,70213	-0,13911
2021-01-06	-0,19537	-0,21734	-0,14505	-0,1543	-0,0934	-0,28522	-0,24704	-0,24961	-0,27125	-0,29656	0,72318	-0,13018
2021-01-07	-0,15122	-0,2022	-0,10954	-0,10627	-0,08759	-0,2623	-0,21861	-0,20986	-0,23635	-0,27061	0,77704	-0,09795
2021-01-08	-0,12458	-0,16627	-0,07075	-0,06695	-0,1071	-0,23268	-0,18705	-0,17738	-0,21511	-0,24013	0,87609	-0,06472
2021-01-11	-0,1164	-0,17867	-0,08775	-0,0738	-0,12359	-0,23173	-0,18611	-0,17685	-0,20646	-0,23922	0,91285	-0,06434
2021-01-12	-0,0875	-0,12722	-0,06773	-0,0572	-0,11576	-0,20362	-0,15839	-0,14774	-0,17678	-0,1966	0,85022	-0,04439
2021-01-13	-0,09479	-0,13856	-0,0708	-0,0598	-0,1339	-0,20668	-0,16632	-0,15203	-0,17984	-0,19759	1,06951	-0,03007
2021-01-14	-0,07587	-0,11898	-0,05338	-0,05136	-0,13199	-0,17555	-0,14187	-0,12723	-0,16311	-0,17801	1,03023	-0,01701
2021-01-15	-0,10714	-0,1521	-0,08338	-0,08118	-0,15466	-0,18815	-0,14739	-0,12543	-0,16728	-0,19222	1,22791	-0,01555
2021-01-18	-0,1076	-0,15363	-0,07414	-0,07263	-0,13543	-0,18549	-0,14785	-0,1348	-0,15798	-0,19177	1,25943	-0,00926
2021-01-19	-0,09701	-0,14312	-0,06287	-0,06456	-0,12514	-0,18276	-0,14301	-0,13029	-0,15266	-0,18613	1,08726	-0,01821
2021-01-20	-0,08738	-0,12567	-0,05903	-0,05993	-0,12738	-0,16759	-0,12774	-0,11233	-0,15195	-0,16935	1,00946	-0,01626
2021-01-21	-0,06624	-0,10353	-0,01854	-0,01623	-0,08718	-0,15224	-0,11148	-0,09924	-0,12235	-0,15605	1,10422	0,01556
2021-01-22	-0,05819	-0,0986	-0,0156	-0,00459	-0,10247	-0,16089	-0,12199	-0,10687	-0,14093	-0,1651	1,19192	0,0197
2021-01-25	-0,02422	-0,06572	0,02502	0,03639	-0,09219	-0,12639	-0,08039	-0,0716	-0,11018	-0,12072	1,22362	0,05396
2021-01-26	-0,00904	-0,05603	0,06196	0,0742	-0,05832	-0,09385	-0,04034	-0,0326	-0,06513	-0,11827	1,2641	0,08425
2021-01-27	-0,00975	-0,07243	0,04148	0,04837	-0,0804	-0,1173	-0,0603	-0,0525	-0,08861	-0,13224	1,25806	0,06676
2021-01-28	-0,01933	-0,07719	0,02992	0,03262	-0,077	-0,10978	-0,04651	-0,0445	-0,08686	-0,12469	1,15294	0,05724
2021-01-29	-0,00057	-0,04279	0,02049	0,01338	-0,09529	-0,08996	-0,02737	-0,02778	-0,07016	-0,10543	1,1809	0,06867
2021-02-01	0,03819	-0,02337	0,06128	0,06913	-0,07398	-0,03762	0,0179	0,03238	-0,01589	-0,03324	1,19697	0,11198
2021-02-02	0,09409	0,06704	0,101	0,10479	-0,05246	0,00909	0,07134	0,09329	0,03587	0,02345	1,19048	0,158
2021-02-03	0,12261	0,08738	0,13851	0,15632	-0,04124	0,00834	0,0681	0,09759	0,03185	0,03722	1,19048	0,17247
2021-02-04	0,10458	0,06539	0,09648	0,11134	-0,0706	-0,02219	0,0358	0,06358	0,00348	0,00066	1,22222	0,14643
2021-02-05	0,11504	0,07793	0,0921	0,10905	-0,06639	-0,02752	0,02939	0,04318	0,00575	-0,01674	1,25849	0,1473
2021-02-08	0,15117	0,10343	0,08701	0,12372	-0,02546	0,00931	0,06825	0,0876	0,03654	0,02957	1,28571	0,1779
2021-02-09	0,17645	0,13767	0,08067	0,10787	-0,0266	0,03163	0,09063	0,12401	0,05431	0,05231	1,32181	0,19552
2021-02-10	0,1738	0,13278	0,07161	0,08707	-0,04305	0,02753	0,0799	0,09459	0,04211	0,046	1,30027	0,18297
2021-02-11	0,13867	0,09993	0,02901	0,03415	-0,07263	-0,00971	0,03754	0,04795	-0,01448	-0,00385	1,20779	0,13585
2021-02-12	0,15736	0,1088	0,05941	0,06912	-0,11054	0,00606	0,05707	0,06774	-0,00222	0,00317	1,27411	0,15365
2021-02-15	0,14357	0,10824	0,05354	0,18046	-0,11237	-0,00479	0,04588	0,05593	-0,011	-0,00629	1,26835	0,1565
2021-02-16	0,15453	0,106	0,10462	0,24822	-0,08247	0,01977	0,07	0,09219	0,02254	0,02577	1,27342	0,18496
2021-02-17	0,17255	0,13374	0,1097	0,19241	-0,04921	0,0517	0,10209	0,13716	0,04545	0,06414	1,4268	0,21696
2021-02-18	0,133	0,07317	0,05337	0,11749	-0,09364	0,0246	0,07038	0,09687	0,01801	0,02525	1,24312	0,16015
2021-02-19	0,0995	0,05489	0,05982	0,1299	-0,04757	0,02655	0,07257	0,09767	0,02862	0,02211	1,17727	0,15648
2021-02-22	0,15573	0,10461	0,10178	0,17566	0	0,06	0,10611	0,1344	0,03342	0,05626	1,17241	0,19094
2021-02-23	0,20055	0,149	0,14848	0,18874	0,02907	0,13587	0,16801	0,18638	0,07747	0,13633	1,34719	0,25155
2021-02-24	0,26979	0,20908	0,21226	0,27114	0,16351	0,19424	0,22435	0,24306	0,16084	0,19645	1,41935	0,32401
2021-02-25	0,30327	0,21343	0,25542	0,32256	0,13871	0,20737	0,26361	0,29241	0,17758	0,2245	1,43655	0,34867
2021-02-26	0,30485	0,26193	0,29048	0,37232	0,16587	0,19375	0,25068	0,27848	0,16977	0,21532	1,38889	0,35385
2021-03-01	0,35043	0,25823	0,28189	0,42727	0,22053	0,17103	0,22761	0,25139	0,13879	0,19117	1,43291	0,35921
2021-03-02	0,27619	0,20278	0,23441	0,27797	0,13105	0,10651	0,16388	0,19652	0,08371	0,13769	1,39506	0,29143
2021-03-03	0,29744	0,23851	0,27152	0,29175	0,13949	0,12871	0,189	0,21472	0,11461	0,15734	1,39604	0,31265
2021-03-04	0,36404	0,29811	0,2834	0,30354	0,15458	0,16481	0,22408	0,25083	0,14073	0,19541	1,4325	0,34655
2021-03-05	0,43965	0,36381	0,36667	0,35374	0,24124	0,2269	0,29893	0,32781	0,20661	0,28281	1,53247	0,42188
2021-03-08	0,5807	0,49123	0,46276	0,44833	0,35375	0,28426	0,35658	0,39347	0,30622	0,34118	1,61838	0,51244
2021-03-09	1,06184	0,89725	0,77325	0,83318	0,6843	0,52306	0,60321	0,68043	0,56473	0,63811	2,09571	0,85046
2021-03-10	0,86974	0,89851	0,74383	0,79946	0,65779	0,43436	0,5055	0,57143	0,47517	0,54856	1,94025	0,76769
2021-03-11	0,99276	1,01277	0,94048	1,03961	0,77036	0,50124	0,57097	0,63851	0,54642	0,66509	1,94969	0,87526
2021-03-12	1,07826	1,22018	1,47039	1,4181	1,06585	0,61429	0,70261	0,7844	0,66774	0,86243	2,21724	1,10014
2021-03-15	1,06053	1,13271	1,33154	1,27233	0,97448	0,55885	0,65447	0,71569	0,6077	0,78915	2,14334	1,02189
2021-03-16	1,23826	1,42852	2,0737	2,10502	2,10714	0,73669	0,85317	0,92409	0,74437	1,06699	2,25694	1,41226
2021-03-17	1,39429	1,42152	1,91713	1,57737	1,95549	0,70542	0,81914	0,90714	0,71775	1,01193	2,35821	1,34413
2021-03-18	1,92725	1,72532	1,95434	2,07616	2,17647	0,6556	0,77309	0,86652	0,76959	1,18094	2,9386	1,54944
2021-03-19	1,44839	1,66889	1,83358	2,0813	2,15625	0,64405	0,73524	0,81976	0,73471	1,08752	2,64609	1,44143
2021-03-22	2,15606	1,50059	2,14851	2,36879	3,11538	0,69526	0,7855	0,87697	0,77164	1,28073	2,82128	1,6837
2021-03-23	1,47535	1,52463	3,12027	3,86631	4,03876	0,56663	0,67019	0,74564	0,77251	1,20947	3,30049	1,93548
2021-03-24	1,90632	1,6	3,51843	4,27747	3,89499	0,57521	0,67249	0,76535	0,7041	1,39447	3,12844	2,03975
2021-03-25	1,81783	1,38915	2,50185	2,93644	3,44295	0,49859	0,59744	0,68738	0,65018	1,27312	2,90435	1,69993
2021-03-26	2,67048	1,70786	2,71622	3,53095	3,54	0,58325	0,68569	0,76219	0,70876	1,2033	2,67347	1,88929
2021-03-29	2,97222	1,8611	2,56545	3,23144	4,15556	0,5896	0,66636	0,76992	0,73184	1,10183	2,62097	1,9333
2021-03-30	3,29433	2,29755	2,52087	3,23144	4,08128	0,64357	0,71333	0,80997	0,76767	1,19034	2,68145	2,02107
2021-03-31	1,88591	3,27744	2,56906	3,22616	4,83621	0,6677	0,73627	0,85484	0,71374	1,25395	1,93103	1,99566
2021-04-01	2,02811	3,2652	2,97018	3,48402	5,01149	0,81957	0,92	1,032	0,84806	1,49846	2,58039	2,22341
2021-04-05	1,07087	1,62433	2,63977	2,25763	3,06561	0,50231	0,60108	0,68421	0,55832	0,95792	2,27759	1,47633
2021-04-06	1,26402	1,72232	2,06593	2,37587	3,47265	0,59787	0,69528	0,7912	0,64658	1,08627	2,22222	1,54002
2021-04-07	1,53908	1,7991	2,35069	2,73386	4,87977	0,66199	0,7627	0,86624	0,76035	1,20027	2,09155	1,78596
2021-04-08	1,38726	1,46193	2,06614	2,36842	4,23896	0,66166	0,76706	0,8697	0,82968	1,20246	1,83333	1,60787
2021-04-09	1,58908	2,05932	2,30405	2,45714	4,34293	0,70971	0,82276	0,94906	0,91754	1,61594	1,65	1,76523
2021-04-12	1,60699	2,08354	2,31081	2,45536	4,34031	0,71384	0,82679	0,95349	0,93006	1,35217	1,5625	1,73962
2021-04-13	1,69231	2,10578	2,20847	2,27703	3,95169	0,69207	0,80437	0,93239	0,93465	1,30835	1,27536	1,65295
2021-04-14	2,134	2,04094	2,31363	2,23779	4,46354	0,84026	0,9553	1,10069	1,38319	1,56193	1,1831	1,83767
2021-04-15	2,17735	2,3399	2,41709	2,36683	4,68966	0,93245	1,05081	1,17765	1,52523	1,736	1,26453	1,97068
2021-04-16	2,18668	2,53023	2,38167	2,44755	5,56615	0,86989	0,98741	1,0777	1,49872	1,60184	1,23851	2,03512
2021-04-19	2,45877	2,36911	2,25682	2,32773	5,2449	0,8464	0,9607	1,066	1,45718	1,55022	1,02857	1,96058
2021-04-20	6,02694	2,76382	2,4904	2,57982	6,20137	0,96128	1,08667	1,20773	1,64286	1,80333	1,01644	2,52551
2021-04-21	5,8844	6,01974	3,13163	3,88747	4,08867	1,31507	1,45418	1,66815	1,93458	2,62914	1,3746	3,03524
2021-04-22	3,50513	3,72549	2,33846	2,70667	2,71071	1,32469	1,46561	1,65401	1,88702	2,27613	1,11268	2,24606
2021-04-23	3,12882	3,36587	2,31145	2,88224	3,1124	1,4073	1,54966	1,77693	2,11494	2,36016	1,12676	2,28514
2021-04-26	2,87867	3,12728	2,15397	2,79882	2,94007	1,6229	1,774	2,18229	2,35689	2,69316	1,20588	2,33945
2021-04-27	4,17913	3,36717	2,33612	2,92644	2,44623	2,11032	2,17774	2,42222	2,34138	3,18428	1,31098	2,61836
2021-04-28	4,14597	3,3	2,27331	2,80377	2,26716	2,03431	2,11433	2,37975	2,19576	3,14423	1,7027	2,5783
2021-04-29	3,32181	2,82195	2,04685	2,41304	1,93008	1,74233	1,83768	1,97201	1,91215	2,56495	1,6393	2,2002
2021-04-30	2,30213	2,73992	2,05804	2,27614	1,81853	1,41806	1,53501	1,67668	1,62668	2,26692	1,57485	1,93572
2021-05-03	2,26876	2,66306	2,05102	2,30097	1,84251	1,34702	1,46465	1,71368	1,9363	2,5875	1,43333	1,96444
2021-05-04	2,21055	2,37794	1,79194	1,95578	1,6331	1,34576	1,45644	1,67671	1,71658	2,50298	1,39583	1,82397
2021-05-05	1,67223	1,73802	1,57799	1,65544	1,50776	1,14134	1,25366	1,40667	1,50927	2,05749	1,14667	1,51514
2021-05-06	1,71064	1,83554	1,6109	1,66667	1,52762	1,46143	1,4473	1,68785	1,7456	2,47024	1,14133	1,6641
2021-05-07	1,74324	1,83657	1,51303	1,57967	1,43918	1,42762	1,4253	1,65718	1,68283	2,37838	1,12963	1,61933
2021-05-10	1,62515	1,83161	1,41505	1,48554	1,29633	1,2651	1,27222	1,42892	1,44577	2,02073	1,12632	1,47389
2021-05-11	1,71898	1,69604	1,4965	1,54635	1,23857	1,35443	1,36794	1,48628	1,43041	2,18919	1,1	1,51134
2021-05-12	1,56056	1,61042	1,64878	1,62799	1,30816	1,55074	1,5459	1,69149	1,60572	1,87758	1,03535	1,55116
2021-05-13	1,51557	1,4152	1,78619	1,74352	1,32719	1,42436	1,43152	1,56579	1,44308	1,72527	0,9727	1,4864
2021-05-14	1,38394	1,31804	1,57605	1,49878	1,17512	1,23792	1,37515	1,39471	1,30464	1,52489	0,90338	1,33569
2021-05-17	1,25	1,24943	1,48571	1,42442	1,13397	1,20824	1,34354	1,36033	1,24809	1,45103	0,88208	1,27608
2021-05-18	1,05749	1,07237	1,27987	1,24351	1	0,96832	1,10408	1,08958	1,02767	1,15572	0,74236	1,06736
2021-05-19	0,95913	1,02299	1,17531	1,21405	0,91835	1,02227	1,16219	1,1804	0,9618	1,24838	0,75824	1,05665
2021-05-20	0,84595	0,87514	1,07495	1,12363	0,87206	0,92274	1,06099	1,07726	0,85605	1,02913	0,7094	0,94975
2021-05-21	0,85452	0,91834	1,11305	1,16101	0,90582	0,96514	1,09989	1,11874	0,86832	1,0644	0,67992	0,9772
2021-05-24	0,97462	1,02929	1,18248	1,27991	0,94845	1,03084	1,17447	1,19493	0,94197	1,17097	0,85556	1,07123
2021-05-25	0,9788	1,0355	1,1731	1,27088	0,92612	1,01322	1,15745	1,17731	0,92166	1,15252	0,88889	1,06322
2021-05-26	0,91383	1,03034	1,1778	1,23144	0,95377	1,00108	1,15579	1,15784	0,87477	1,16851	0,84233	1,04614
2021-05-27	1,03872	1,1213	1,31407	1,36647	1,05665	1,07325	1,23077	1,2514	0,93289	1,25573	0,95546	1,14515
2021-05-28	0,96941	1,0412	1,30601	1,34447	1,03175	1,15	1,31293	1,23318	0,9598	1,19875	0,93407	1,13469
2021-06-01	0,9104	0,9061	1,15578	1,16301	0,89935	0,94336	1,17782	1,13684	0,88137	1,0993	0,84615	1,01086
2021-06-02	0,86524	0,87169	1,11701	1,07845	0,90218	0,83463	1,05756	1,02962	0,8173	0,99671	0,85396	0,94767
2021-06-03	0,84329	0,86177	1,14598	1,10732	0,96023	0,96555	1,07488	1,11649	0,86697	1,07062	0,81	0,98392
2021-06-04	0,85917	0,85629	1,06883	1,02113	0,87022	0,93955	1,04642	1,07229	0,84361	1,04018	0,81782	0,94868
2021-06-07	0,7526	0,72902	0,90539	0,89421	0,74012	0,81766	0,92539	0,9344	0,74324	0,90125	0,73905	0,82567
2021-06-08	0,83678	0,80005	0,94831	0,93345	0,77795	0,88507	0,98978	1,00288	0,79931	0,97655	0,84752	0,8907
2021-06-09	0,79323	0,76292	0,91904	0,90036	0,7395	0,81333	0,92051	0,91759	0,73993	0,87526	0,90816	0,84453
2021-06-10	0,77896	0,73992	0,928	0,9267	0,76308	0,80396	0,916	0,89737	0,73195	0,87666	0,86627	0,83899
2021-06-11	0,94894	0,9081	1,07655	1,09136	0,80159	0,91102	1,0365	1,02846	0,82238	0,97828	0,95287	0,95964
2021-06-14	0,95751	0,87519	1,02462	1,02214	0,79672	0,80556	0,91924	0,93974	0,77481	0,91598	0,94545	0,90699
2021-06-15	0,94389	0,86055	0,94622	0,92627	0,71364	0,76937	0,87589	0,89963	0,73019	0,85315	0,91093	0,85725
2021-06-16	0,88265	0,81301	0,84487	0,83764	0,66146	0,66726	0,76943	0,81189	0,66886	0,74833	0,87674	0,78019
2021-06-17	0,87444	0,80183	0,82103	0,80902	0,61806	0,6395	0,74052	0,7769	0,68249	0,75746	0,90855	0,76634
2021-06-18	0,84687	0,7509	0,77713	0,76486	0,6123	0,63011	0,73134	0,7643	0,67446	0,75921	0,86745	0,74354
2021-06-21	0,85398	0,75974	0,8005	0,80858	0,63584	0,65568	0,75537	0,78929	0,69799	0,78645	0,92368	0,76974
2021-06-22	0,80172	0,73426	0,76045	0,79899	0,66075	0,65641	0,75837	0,77966	0,70048	0,78981	0,89635	0,75793
2021-06-23	0,80965	0,76077	0,78566	0,80909	0,69	0,72208	0,79004	0,83217	0,71776	0,84667	0,96699	0,79372
2021-06-24	0,93379	0,87995	0,94174	0,98724	0,84341	0,8162	0,86713	0,91735	0,78433	0,9011	1,10204	0,90675
2021-06-25	0,91956	0,85648	0,89812	0,96047	0,81274	0,76285	0,8349	0,8907	0,75775	0,86892	1,15321	0,88324
2021-06-28	0,89411	0,82524	0,98812	1,01605	0,91269	0,79683	0,87434	0,92904	0,79828	0,93203	1,17895	0,92233
2021-06-29	0,84371	0,81289	0,92596	0,94803	0,88428	0,73859	0,82067	0,8504	0,74727	0,87276	1,29581	0,88549
2021-06-30	0,87217	0,84774	0,90431	0,90026	0,86482	0,72089	0,80322	0,82674	0,73045	0,84608	1,26739	0,87128
2021-07-01	0,88892	0,81816	0,89474	0,90373	0,87352	0,70619	0,78917	0,81039	0,72638	0,85073	1,40217	0,87855
2021-07-02	0,85778	0,79463	0,88567	0,91249	0,85317	0,69277	0,77878	0,79915	0,72375	0,85962	1,40821	0,86964
2021-07-05	0,85778	0,82526	0,88567	0,91249	0,85317	0,69277	0,77878	0,79915	0,72375	0,85962	1,40821	0,87242
2021-07-06	0,81733	0,77416	0,8332	0,86667	0,75283	0,62321	0,69464	0,7206	0,64557	0,7444	1,32845	0,8001
2021-07-07	0,77926	0,71696	0,76911	0,8	0,67007	0,60627	0,68171	0,70445	0,62719	0,72813	1,17039	0,75032
2021-07-08	0,78392	0,71903	0,7688	0,82864	0,69231	0,61905	0,71337	0,74034	0,63508	0,76007	1,18864	0,76811
2021-07-09	0,88093	0,82149	0,86091	0,90298	0,7539	0,65709	0,76249	0,77392	0,68421	0,77591	1,25562	0,82995
2021-07-12	0,82964	0,77421	0,82074	0,87132	0,69578	0,64863	0,73667	0,75692	0,66247	0,7626	1,26667	0,80233
2021-07-13	0,87818	0,80863	0,86851	0,95073	0,77038	0,72743	0,79276	0,8164	0,72071	0,83302	1,29079	0,85978
2021-07-14	0,8129	0,76263	0,86168	0,92634	0,76762	0,68874	0,75802	0,78425	0,68594	0,77446	1,27329	0,8269
2021-07-15	0,73956	0,6954	0,8126	0,8736	0,73468	0,61965	0,69187	0,71488	0,63801	0,69301	1,23732	0,76824
2021-07-16	0,76141	0,7035	0,85833	0,93534	0,77506	0,64085	0,70755	0,74024	0,66935	0,74625	1,29792	0,80325
2021-07-19	0,63872	0,59269	0,76441	0,8447	0,77922	0,54966	0,62092	0,64987	0,6066	0,64656	1,18333	0,71606
2021-07-20	0,64879	0,61732	0,77658	0,81332	0,82445	0,55321	0,62631	0,64508	0,61177	0,71402	1,11837	0,72266
2021-07-21	0,68247	0,6371	0,75794	0,79048	0,80784	0,55465	0,62685	0,65094	0,63279	0,64343	1,08415	0,71533
2021-07-22	0,72278	0,68827	0,79825	0,84003	0,77211	0,59493	0,66302	0,68867	0,68146	0,693	1,1068	0,74994
2021-07-23	0,76238	0,74255	0,87408	0,87606	0,80945	0,62241	0,69286	0,7325	0,69399	0,7027	1,08031	0,78084
2021-07-26	0,74994	0,72765	0,86265	0,86417	0,76101	0,63877	0,7084	0,75313	0,71061	0,72032	1,09615	0,78116
2021-07-27	0,7289	0,72551	0,86925	0,8749	0,77375	0,62366	0,69778	0,73217	0,69207	0,6746	1,1306	0,77484
2021-07-28	0,76987	0,74182	0,87857	0,90847	0,78859	0,64824	0,72218	0,75819	0,7358	0,72661	1,19355	0,80654
2021-07-29	0,78993	0,75362	0,95511	0,98358	0,83505	0,65922	0,73259	0,76636	0,74319	0,73679	1,24897	0,83677
2021-07-30	0,85521	0,80828	0,99408	1,04517	0,84421	0,74036	0,79737	0,81841	0,80658	0,78763	1,33958	0,89426
2021-08-02	0,7783	0,71366	0,99041	1,02632	0,82375	0,70129	0,76296	0,77145	0,76301	0,73597	1,18563	0,84116
2021-08-03	0,7301	0,67367	0,96065	0,97242	0,77031	0,62963	0,71486	0,7443	0,72113	0,6968	1,15706	0,79736
2021-08-04	0,63643	0,61378	0,91518	0,95532	0,76208	0,56229	0,64992	0,68311	0,64434	0,61026	1,20472	0,74886
2021-08-05	0,6355	0,60597	0,93635	0,94281	0,78267	0,58492	0,66482	0,69428	0,64859	0,61579	1,15507	0,75152
2021-08-06	0,62795	0,57682	0,87967	0,87713	0,76604	0,57393	0,66881	0,69012	0,64915	0,60071	1,19355	0,73672
2021-08-09	0,6171	0,58044	0,91201	0,90406	0,77419	0,58612	0,68369	0,70619	0,62365	0,63711	1,15308	0,74342
2021-08-10	0,62923	0,60987	0,89229	0,89277	0,76151	0,59576	0,70041	0,7126	0,69801	0,6287	1,17126	0,75386
2021-08-11	0,66867	0,64812	0,98124	0,96859	0,82195	0,61695	0,72082	0,73165	0,75117	0,6426	1,2515	0,8003
2021-08-12	0,62254	0,59215	0,87163	0,87997	0,76418	0,5963	0,68379	0,70108	0,69438	0,64254	1,24802	0,75423
2021-08-13	0,61761	0,58012	0,85037	0,86418	0,68444	0,57881	0,68408	0,68739	0,67521	0,64631	1,27	0,73987
2021-08-16	0,6038	0,56197	0,79822	0,80908	0,63045	0,56913	0,67484	0,67788	0,66511	0,63628	1,26747	0,71766
2021-08-17	0,55048	0,54531	0,73291	0,74255	0,56685	0,55942	0,67241	0,65442	0,63749	0,6083	1,24405	0,68311
2021-08-18	0,5239	0,51323	0,66929	0,62353	0,48176	0,51008	0,61862	0,61328	0,60386	0,5512	1,26733	0,63419
2021-08-19	0,48427	0,47755	0,63038	0,5875	0,45024	0,4924	0,60212	0,60738	0,5896	0,56307	1,18235	0,60608
2021-08-20	0,46058	0,47015	0,55418	0,51314	0,38885	0,43159	0,54353	0,52688	0,53375	0,486	1,14145	0,55001
2021-08-23	0,55128	0,57192	0,66247	0,61964	0,50613	0,56955	0,65919	0,6724	0,67308	0,64405	1,16535	0,66319
2021-08-24	0,59048	0,60275	0,59267	0,59645	0,43654	0,57167	0,67152	0,68447	0,68507	0,65946	1,18431	0,6614
2021-08-25	0,58768	0,56749	0,66618	0,66969	0,62	0,61532	0,70266	0,70041	0,69605	0,63621	1,16667	0,69349
2021-08-26	0,56029	0,53789	0,68857	0,70707	0,64196	0,61116	0,69992	0,63548	0,68769	0,58793	1,18519	0,68574
2021-08-27	0,60541	0,61151	0,828	0,81507	0,7245	0,67476	0,76614	0,70083	0,68672	0,70045	1,24016	0,75941
2021-08-30	0,61266	0,59797	0,80685	0,79154	0,67002	0,68643	0,77741	0,71277	0,6909	0,7171	1,21832	0,75291
2021-08-31	0,60596	0,62428	0,85069	0,82262	0,69056	0,72831	0,80438	0,78602	0,74787	0,74004	1,24756	0,78621
2021-09-01	0,605	0,57458	0,79531	0,77796	0,58525	0,68096	0,74629	0,7576	0,74455	0,72736	1,26834	0,7512
2021-09-02	0,63868	0,72272	0,8761	0,86516	0,63733	0,77847	0,84688	0,85953	0,81517	0,81326	1,35189	0,83683
2021-09-03	0,67528	0,71044	0,86375	0,83388	0,635	0,81711	0,89877	0,89606	0,85091	0,85796	1,37177	0,85554
2021-09-06	0,74704	0,76229	0,91564	0,908	0,68805	0,83548	0,91563	0,90117	0,87876	0,87224	1,4101	0,89404
2021-09-07	0,72562	0,75854	0,86732	0,87274	0,68879	0,80331	0,88455	0,87511	0,8495	0,83189	1,39394	0,8683
2021-09-08	0,8812	0,87802	0,98442	1,00364	0,73594	0,92585	1,00753	0,99619	1,01261	0,9591	1,60526	0,99907
2021-09-09	0,79396	0,78389	0,94098	0,95508	0,69938	0,87958	0,94562	0,95014	0,95146	0,88358	1,59825	0,94381
2021-09-10	0,87436	0,84467	1,02546	1,04097	0,77998	0,95652	0,99627	1,02611	0,9918	1,00417	1,64523	1,01687
2021-09-13	0,88963	0,88067	0,99048	1,04977	0,77951	0,92864	0,98712	1,01525	0,98291	0,9668	1,59789	1,00624
2021-09-14	0,89444	0,89396	0,98366	0,98835	0,81515	0,92871	0,98621	1,01429	0,96161	0,98887	1,5942	1,00449
2021-09-15	0,8958	0,89277	0,94463	0,96491	0,70602	0,95507	1,01369	1,04356	0,9752	1,0333	1,63232	1,00521
2021-09-16	0,80956	0,82246	0,83773	0,8393	0,63643	0,92857	0,98743	1,01583	0,95884	1,01394	1,58869	0,94898
2021-09-17	0,75872	0,76246	0,78767	0,8051	0,65773	0,84657	0,90674	0,91897	0,87846	0,9414	1,60819	0,89745
2021-09-20	0,71356	0,74549	0,73137	0,75656	0,65485	0,8223	0,85482	0,91682	0,86113	0,91271	1,60118	0,87007
2021-09-21	0,79598	0,82437	0,78583	0,80835	0,73722	0,91745	0,93617	1,00377	0,9464	1,01724	1,68219	0,95045
2021-09-22	0,82984	0,84868	0,80995	0,82161	0,76848	0,97897	0,9892	1,0613	0,96839	1,10774	1,69293	0,98883
2021-09-23	0,83943	0,86031	0,83604	0,85004	0,8913	1,03173	1,03808	1,0916	1	1,15425	1,68675	1,02541
2021-09-24	0,84941	0,8773	0,83536	0,81463	0,84272	1,02562	1,03223	1,05965	0,99226	1,12029	1,68	1,01177
2021-09-27	0,88567	0,9274	0,81449	0,81215	0,82091	1,04695	1,03815	1,07024	0,99829	1,13636	1,69685	1,0225
2021-09-28	0,8641	0,88266	0,74593	0,74295	0,72391	1,0037	0,99563	1,02735	0,94019	1,09453	1,79337	0,98312
2021-09-29	0,92314	0,93057	0,84628	0,85029	0,80858	1,08042	1,08476	1,12925	1,01991	1,19421	1,83202	1,06358
2021-09-30	0,87815	0,93077	0,85016	0,90092	0,8299	1,02818	1,03472	1,08652	0,95067	1,12042	1,8631	1,04305
2021-10-01	0,97377	0,99748	0,92769	0,96769	0,89762	1,10595	1,11082	1,15706	0,99318	1,16152	2,03673	1,12086
2021-10-04	1,10515	1,14316	1,03201	1,07878	0,97467	1,22819	1,24173	1,30048	1,10984	1,37917	2,07202	1,24229
2021-10-05	1,02377	1,07944	0,92082	0,97993	0,88488	1,15209	1,19561	1,23853	1,07712	1,21595	1,93137	1,1545
2021-10-06	0,91658	0,97213	0,85058	0,89388	0,79701	1,02111	1,0678	1,09323	0,96266	1,0806	1,90874	1,0513
2021-10-07	0,97037	1,02708	0,92578	0,9215	0,83744	1,08132	1,11644	1,14782	1,02135	1,13327	1,90467	1,09882
2021-10-08	0,93835	0,95643	0,90179	0,89385	0,81099	1,03659	1,07435	1,09722	0,97755	1,08188	1,7434	1,04658
2021-10-11	0,99407	1,01177	0,97843	0,98177	0,86869	1,09083	1,11809	1,129	1,0008	1,10868	1,80038	1,09841
2021-10-12	1,0589	1,06247	1,00815	1,02034	0,98229	1,13812	1,17283	1,19641	1,06436	1,16478	1,78846	1,15065
2021-10-13	1,01524	1,02056	1,02278	1,0529	1,01291	1,14388	1,16525	1,19217	1,05731	1,17481	1,71048	1,14257
2021-10-14	0,9929	1,00574	1,00962	1,06441	1,042	1,12696	1,15667	1,18348	1,06465	1,16209	1,72015	1,13897
2021-10-15	1,01738	1,03485	1,08929	1,11674	1,11364	1,12478	1,16388	1,18674	1,07085	1,16912	1,74122	1,16623
2021-10-18	1,02998	1,03507	1,11934	1,16784	1,15226	1,12268	1,16145	1,18447	1,08059	1,14219	1,78131	1,17974
2021-10-19	1,04448	1,05909	1,12906	1,18069	1,09807	1,21005	1,21293	1,25632	1,15754	1,15599	1,79026	1,20859
2021-10-20	1,04013	1,06055	1,11347	1,15371	1,09105	1,20414	1,20731	1,24978	1,14215	1,17468	1,79737	1,20312
2021-10-21	1,07222	1,10975	1,15776	1,2109	1,14333	1,23176	1,24189	1,29742	1,17402	1,22929	1,79811	1,24241
2021-10-22	1,08922	1,06953	1,16414	1,18783	1,15577	1,19654	1,20708	1,24527	1,13428	1,19355	1,76022	1,21849
2021-10-25	1,13038	1,08425	1,21832	1,23351	1,21664	1,23049	1,23264	1,2491	1,13173	1,21735	1,55185	1,22693
2021-10-26	1,23079	1,17896	1,27082	1,34775	1,13961	1,27877	1,28305	1,31642	1,13126	1,28418	1,64272	1,28221
2021-10-27	1,10117	1,11782	1,14726	1,21634	1,04625	1,14882	1,16135	1,193	0,96664	1,15465	1,51381	1,16065
2021-10-28	1,22109	1,20285	1,26643	1,35782	1,17059	1,23135	1,24307	1,27298	1,08604	1,25768	1,56121	1,26101
2021-10-29	1,32332	1,27298	1,34907	1,44587	1,25402	1,28488	1,27539	1,28504	1,18421	1,31744	1,60452	1,32698
2021-11-01	1,35915	1,32618	1,31354	1,42787	1,18235	1,31538	1,30579	1,33971	1,13208	1,33131	1,58879	1,32928
2021-11-02	1,29262	1,23452	1,39263	1,40351	1,17475	1,29485	1,25517	1,26228	1,07103	1,26378	1,52277	1,28799
2021-11-03	1,15865	1,12471	1,21067	1,24762	1,0008	1,17994	1,14753	1,15314	0,9435	1,14176	1,51455	1,16571
2021-11-04	1,02412	1,01991	1,15154	1,14808	0,89628	1,07763	1,06941	1,06579	0,84541	1,06729	1,44326	1,07352
2021-11-05	1,10711	1,08842	1,14672	1,14698	0,89615	1,11996	1,11274	1,09353	0,87917	1,09777	1,44227	1,1028
2021-11-08	1,21693	1,1854	1,17395	1,21279	0,9569	1,19944	1,16419	1,12863	0,92273	1,15859	1,48746	1,16427
2021-11-09	1,10037	1,06499	1,09106	1,11849	1,01304	1,10018	1,07502	1,06498	0,88873	1,065	1,54107	1,10208
2021-11-10	0,97256	0,96237	0,95918	0,96891	0,89873	0,98623	0,96557	0,94853	0,77135	0,95667	1,53761	0,99343
2021-11-11	0,97599	0,96235	0,9934	1,00262	0,95282	0,98961	0,9686	0,95556	0,78827	0,9607	1,46942	1,00176
2021-11-12	0,97726	0,96632	1,04142	1,05018	1,05288	0,99472	0,97138	0,95903	0,77955	0,96625	1,27027	1,00266
2021-11-15	1,02479	0,97398	1,09326	1,12408	1,14378	1,04874	1,005	0,99744	0,82244	1,00363	1,20145	1,03987
2021-11-16	0,96305	0,93983	1,05912	1,06595	1,13445	1,02648	0,99019	0,98324	0,88374	1,02258	1,22545	1,02673
2021-11-17	0,89913	0,89633	0,98571	0,99111	1,10408	0,95105	0,91445	0,91445	0,8578	0,96655	1,11418	0,96317
2021-11-18	0,89529	0,92146	1,01525	0,99734	1,00865	0,8978	0,89144	0,8869	0,84615	0,93198	1,10943	0,94561
2021-11-19	0,83089	0,86215	0,92107	0,88743	0,88488	0,79466	0,79186	0,78761	0,80938	0,81581	1,24498	0,87552
2021-11-22	0,82758	0,84905	0,93844	0,91906	0,90433	0,81162	0,80357	0,8048	0,81891	0,79156	1,17349	0,87658
2021-11-23	0,82522	0,854	0,97061	0,95416	0,89354	0,83687	0,83308	0,82445	0,89183	0,84609	1,12952	0,89631
2021-11-24	0,75173	0,76646	0,86183	0,84809	0,76796	0,73988	0,73085	0,72979	0,80082	0,76404	1,08972	0,80465
2021-11-25	0,7183	0,73467	0,81922	0,80699	0,72507	0,70145	0,69379	0,70052	0,74917	0,73892	1,05138	0,76722
2021-11-26	0,7183	0,56239	0,81922	0,80699	0,72507	0,70145	0,69379	0,70052	0,74917	0,73892	1,05138	0,75156
2021-11-29	0,53313	0,56442	0,62471	0,66799	0,50606	0,52628	0,52962	0,52907	0,60841	0,55459	1,06055	0,60953
2021-11-30	0,46327	0,51281	0,59559	0,65296	0,55708	0,48799	0,50952	0,49326	0,6324	0,51897	0,79262	0,56513
2021-12-01	0,46924	0,47842	0,58852	0,65852	0,54771	0,49922	0,54824	0,53058	0,52759	0,52721	0,75704	0,55748
2021-12-02	0,47247	0,47615	0,62226	0,65563	0,57706	0,51072	0,55449	0,55079	0,4595	0,54277	0,66038	0,55293
2021-12-03	0,45433	0,46186	0,58152	0,59838	0,65326	0,49466	0,51445	0,55605	0,4268	0,49421	0,69231	0,53889
2021-12-06	0,50595	0,4945	0,65967	0,67585	0,73349	0,54663	0,55906	0,56595	0,43416	0,58736	0,66948	0,58474
2021-12-07	0,57349	0,55336	0,71061	0,7418	0,79036	0,58441	0,59814	0,60619	0,46871	0,62364	0,85185	0,64569
2021-12-08	0,58699	0,55487	0,7272	0,77017	0,76332	0,60301	0,61708	0,62051	0,4572	0,64247	0,72117	0,64218
2021-12-09	0,55827	0,51813	0,67149	0,69728	0,69783	0,58832	0,59871	0,59529	0,4388	0,64169	0,73756	0,61304
2021-12-10	0,53358	0,48977	0,65551	0,65367	0,68842	0,56195	0,57572	0,57122	0,42866	0,62711	0,7395	0,59319
2021-12-13	0,52801	0,4821	0,64873	0,63113	0,65437	0,54727	0,56394	0,55802	0,41576	0,60046	0,75382	0,58033
2021-12-14	0,50085	0,45952	0,61658	0,60139	0,6241	0,50473	0,52378	0,5134	0,38651	0,55157	0,72742	0,54635
2021-12-15	0,48991	0,45184	0,64207	0,63629	0,66691	0,52329	0,53183	0,52569	0,43702	0,55869	0,68842	0,55927
2021-12-16	0,51149	0,46842	0,61227	0,60604	0,6484	0,50897	0,52706	0,52544	0,43611	0,56444	0,63968	0,54985
2021-12-17	0,46731	0,4252	0,55384	0,54626	0,587	0,46143	0,48893	0,48174	0,42857	0,51129	0,50659	0,4962
2021-12-20	0,40069	0,35154	0,5028	0,51719	0,49431	0,44958	0,44613	0,45293	0,41517	0,45533	0,51587	0,45469
2021-12-21	0,48776	0,43944	0,5912	0,61405	0,57163	0,54467	0,54155	0,54692	0,51449	0,55111	0,43696	0,53089
2021-12-22	0,5487	0,49739	0,61953	0,64805	0,59151	0,59071	0,58288	0,60185	0,54917	0,61782	0,48551	0,57574
2021-12-23	0,5413	0,49383	0,59505	0,62741	0,51083	0,56657	0,5592	0,58697	0,51777	0,59354	0,49858	0,55373
2021-12-24	0,53362	0,47877	0,59731	0,62982	0,51276	0,56657	0,56024	0,59028	0,52163	0,59706	0,49858	0,55333
2021-12-27	0,56683	0,47877	0,61571	0,65282	0,54847	0,5864	0,57831	0,60069	0,53626	0,61176	0,51989	0,57236
2021-12-28	0,60021	0,47877	0,64255	0,66741	0,58612	0,61853	0,60203	0,62439	0,56544	0,64185	0,52228	0,59542
2021-12-29	0,60042	0,55888	0,63514	0,65932	0,5903	0,61819	0,60108	0,6149	0,6264	0,63267	0,53571	0,60664
2021-12-30	0,59266	0,54927	0,61474	0,63702	0,57605	0,61643	0,61288	0,61769	0,6188	0,63321	0,49137	0,59637
2021-12-31	0,55801	0,508	0,58136	0,62811	0,54563	0,58155	0,57977	0,58589	0,60264	0,61269	0,50134	0,57136
2022-01-03	0,57166	0,52772	0,60083	0,64861	0,55387	0,60587	0,60285	0,60964	0,62178	0,63806	0,50134	0,58929
2022-01-04	0,62208	0,57614	0,6505	0,70232	0,62386	0,67082	0,65798	0,68504	0,69609	0,71265	0,5	0,64523
2022-01-05	0,56348	0,51618	0,5569	0,59663	0,54353	0,60154	0,60092	0,58939	0,63842	0,64462	0,40625	0,5689
2022-01-06	0,57522	0,52398	0,56088	0,60585	0,54596	0,6344	0,63189	0,63587	0,69069	0,68855	0,39851	0,59016
2022-01-07	0,56034	0,53222	0,55159	0,57801	0,53292	0,64861	0,62394	0,63246	0,71541	0,68768	0,40124	0,58767
2022-01-10	0,49808	0,46928	0,47398	0,49638	0,48764	0,59434	0,58217	0,58762	0,63225	0,65098	0,30939	0,52565
2022-01-11	0,55647	0,5496	0,55003	0,56109	0,55487	0,66033	0,64395	0,65243	0,67875	0,72025	0,28702	0,58316
2022-01-12	0,55445	0,53323	0,54075	0,56491	0,55879	0,6502	0,63864	0,64295	0,67947	0,67054	0,35476	0,58079
2022-01-13	0,55217	0,54539	0,5346	0,55869	0,5636	0,65063	0,63802	0,64337	0,68305	0,67168	0,23294	0,57038
2022-01-14	0,56761	0,56331	0,5495	0,58187	0,56959	0,64141	0,64272	0,65473	0,67684	0,68771	0,30355	0,58535
2022-01-17	0,60421	0,60255	0,58424	0,62316	0,60401	0,68319	0,67382	0,68709	0,7012	0,73482	0,18789	0,60784
2022-01-18	0,63483	0,63863	0,60154	0,63989	0,57393	0,71802	0,70536	0,71969	0,7391	0,78507	0,23486	0,63554
2022-01-19	0,64252	0,61863	0,58038	0,62376	0,55356	0,70027	0,68444	0,69909	0,71689	0,76022	0,32203	0,62744
2022-01-20	0,62321	0,61247	0,56907	0,61421	0,53337	0,68161	0,6631	0,67164	0,69968	0,72261	0,39176	0,61661
2022-01-21	0,60679	0,61189	0,56549	0,60462	0,44116	0,70294	0,68695	0,6954	0,67782	0,74446	0,38561	0,61119
2022-01-24	0,61591	0,58892	0,5621	0,58893	0,50176	0,70799	0,68961	0,6956	0,68699	0,7361	0,3629	0,61244
2022-01-25	0,64096	0,61418	0,5632	0,58843	0,50779	0,7006	0,67862	0,68114	0,69981	0,67964	0,32203	0,60695
2022-01-26	0,67896	0,65074	0,59404	0,62686	0,53268	0,75588	0,71957	0,72975	0,71393	0,81973	0,359	0,65283
2022-01-27	0,65897	0,64699	0,62414	0,65562	0,56514	0,81275	0,76199	0,7951	0,75508	0,86306	0,33077	0,67906
2022-01-28	0,67757	0,66703	0,61001	0,6441	0,56387	0,78908	0,74046	0,77426	0,73255	0,82863	0,38798	0,67414
2022-01-31	0,70936	0,67149	0,63551	0,67921	0,58218	0,75319	0,72733	0,77273	0,73717	0,82075	0,49539	0,68948
2022-02-01	0,64743	0,59943	0,61794	0,65109	0,58391	0,72508	0,66465	0,70013	0,70036	0,77304	0,50345	0,6515
2022-02-02	0,60964	0,58678	0,60229	0,63128	0,56893	0,71493	0,64209	0,67894	0,6784	0,74865	0,5942	0,64147
2022-02-03	0,61972	0,58659	0,60297	0,62716	0,57102	0,74746	0,66883	0,70463	0,70297	0,76213	0,5942	0,65343
2022-02-04	0,64211	0,64225	0,62069	0,64997	0,59637	0,75032	0,67604	0,71679	0,70306	0,76266	0,52381	0,66219
2022-02-07	0,60651	0,63551	0,64773	0,66543	0,58578	0,74654	0,66492	0,70486	0,65086	0,78913	0,42775	0,64773
2022-02-08	0,54133	0,59664	0,58564	0,60219	0,50306	0,67609	0,63833	0,63668	0,57639	0,71283	0,38068	0,58635
2022-02-09	0,53531	0,56322	0,61434	0,62707	0,52538	0,69037	0,65452	0,65141	0,59686	0,7253	0,4181	0,60017
2022-02-10	0,53058	0,57545	0,63877	0,6627	0,52563	0,67296	0,64599	0,63845	0,58923	0,71256	0,44522	0,60341
2022-02-11	0,59911	0,59601	0,68686	0,71153	0,6101	0,75353	0,72602	0,72311	0,65348	0,8018	0,45882	0,66549
2022-02-14	0,60538	0,62734	0,64953	0,67009	0,65738	0,7363	0,69966	0,70198	0,63813	0,76407	0,39844	0,64985
2022-02-15	0,54739	0,54813	0,59404	0,6139	0,61963	0,67489	0,64342	0,65425	0,58143	0,69829	0,39844	0,59762
2022-02-16	0,56201	0,52345	0,47911	0,49029	0,52528	0,57638	0,55745	0,54924	0,46774	0,59926	0,4343	0,52405
2022-02-17	0,50237	0,4654	0,4817	0,52689	0,52698	0,54656	0,53088	0,50274	0,46394	0,55756	0,33231	0,4943
2022-02-18	0,51093	0,5007	0,52728	0,58181	0,5598	0,55679	0,53534	0,5299	0,48579	0,60037	0,32209	0,51916
2022-02-21	0,54364	0,57463	0,51799	0,54708	0,49194	0,5632	0,54125	0,53162	0,45459	0,6063	0,34969	0,52018
2022-02-22	0,49359	0,52526	0,47154	0,50532	0,52081	0,51344	0,50161	0,48859	0,4271	0,57211	0,36296	0,4893
2022-02-23	0,49432	0,52379	0,46596	0,49861	0,43708	0,49301	0,50796	0,5065	0,43294	0,55562	0,32604	0,47653
2022-02-24	0,46765	0,51518	0,47212	0,41836	0,53411	0,5011	0,51275	0,51647	0,44076	0,55131	0,30564	0,47595
2022-02-25	0,44537	0,47788	0,45502	0,40833	0,51988	0,52655	0,5092	0,5016	0,41733	0,55697	0,43229	0,47731
2022-02-28	0,56182	0,56514	0,48972	0,44067	0,55316	0,65969	0,62669	0,64631	0,50769	0,69798	0,45349	0,56385
2022-03-01	0,71226	0,71825	0,69716	0,58858	0,59881	0,84629	0,80856	0,78186	0,68073	0,84802	0,50676	0,70793
2022-03-02	0,85494	0,88286	0,7266	0,69655	0,72846	1,07071	1,01436	0,98492	0,88019	1,06785	0,49278	0,85456
2022-03-03	0,75591	0,783	0,65781	0,65963	0,72544	1,02456	0,97986	0,95044	0,80051	1,00423	0,59091	0,81203
2022-03-04	0,81429	0,83987	0,72511	0,73286	0,79942	1,10541	1,05576	1,03191	0,88465	1,08726	0,48818	0,86952
2022-03-07	0,80478	0,84446	0,69756	0,71709	0,76941	1,18383	1,10251	1,07744	0,93591	1,09836	0,65641	0,89889
2022-03-08	0,90128	0,95853	0,77706	0,81314	0,97546	1,53689	1,39927	1,38839	1,24709	1,39766	0,71809	1,10117
2022-03-09	0,69963	0,73922	0,60889	0,64062	0,80242	1,04343	0,9409	0,90598	0,79848	0,87897	0,72175	0,79821
2022-03-10	0,6436	0,69614	0,48316	0,53665	0,70005	0,88079	0,80261	0,7426	0,63166	0,8101	0,72727	0,69588
2022-03-11	0,65571	0,70335	0,50967	0,52582	0,73827	0,89421	0,82644	0,7634	0,68701	0,84432	0,72175	0,71545
2022-03-14	0,57372	0,60287	0,38218	0,45855	0,62614	0,80863	0,72727	0,66838	0,58221	0,74432	0,40943	0,59852
2022-03-15	0,47521	0,52864	0,31625	0,39884	0,84118	0,68233	0,59259	0,54597	0,47971	0,6167	0,35722	0,53042
2022-03-16	0,46328	0,53951	0,34556	0,41618	0,84	0,77115	0,67478	0,63809	0,57178	0,70949	0,3145	0,5713
2022-03-17	0,5952	0,67577	0,49157	0,58678	0,90965	1,01329	0,89111	0,85928	0,78931	0,95136	0,48444	0,7498
2022-03-18	0,74629	0,84061	0,61412	0,70883	1,04855	1,27694	1,11721	1,07728	0,96318	1,13553	0,50111	0,91179
2022-03-21	0,82549	0,91078	0,72963	0,74881	1,03911	1,28947	1,16959	1,12815	0,91757	1,23551	0,59368	0,96253
2022-03-22	0,80595	0,90218	0,68134	0,71105	0,99606	1,27976	1,19419	1,11373	0,9262	1,19718	0,57238	0,94364
2022-03-23	0,98944	1,12675	0,7973	0,8489	1,14103	1,57719	1,45366	1,34841	1,21027	1,49481	0,67812	1,15144
2022-03-24	0,86846	0,94631	0,65732	0,7189	1,00244	1,4967	1,38009	1,28828	1,11768	1,40851	0,62556	1,04638
2022-03-25	0,98734	1,00408	0,74816	0,81916	0,98792	1,53923	1,42841	1,46055	1,16076	1,43166	0,62918	1,10877
2022-03-28	0,76514	0,79552	0,57974	0,63058	0,80176	1,24985	1,16204	1,18295	0,98598	1,1702	0,57	0,89943
2022-03-29	0,6954	0,76069	0,5487	0,62487	0,74952	1,2097	1,12721	1,17952	1,01022	1,4913	0,56236	0,90541
2022-03-30	0,78051	0,82664	0,60825	0,67441	0,69704	1,24191	1,16844	1,23178	1,05531	1,51889	0,57174	0,94318
2022-03-31	0,69843	0,68907	0,6032	0,63536	0,64402	1,18877	1,04291	1,17681	0,94137	1,44112	0,65647	0,88341
2022-04-01	0,61733	0,66218	0,53781	0,56874	0,61138	0,99403	0,86842	0,99381	0,96292	1,23214	0,48959	0,77621
2022-04-04	0,68197	0,69381	0,60341	0,60896	0,64771	1,24194	1,10855	1,01237	1,02364	1,34667	0,51698	0,86237
2022-04-05	0,73642	0,66954	0,61082	0,6025	0,63325	1,18842	1,13303	1,08854	1,01926	1,29393	0,35204	0,84798
2022-04-06	0,62437	0,63999	0,56631	0,55412	0,56507	1,10794	1,06233	1,00914	0,95303	1,25	0,36315	0,79049
2022-04-07	0,60699	0,61381	0,57098	0,56656	0,58703	1,05914	0,97895	0,96075	0,92017	1,09913	0,42938	0,76299
2022-04-08	0,64989	0,63086	0,59527	0,59531	0,61676	1,07892	0,99173	0,97507	0,93304	1,11553	0,50588	0,78984
2022-04-11	0,58914	0,58216	0,53272	0,5186	0,54483	1,05619	0,92431	0,90966	0,90691	0,85208	0,49175	0,71894
2022-04-12	0,68375	0,67393	0,60765	0,59587	0,60588	1,16516	1,01874	0,99376	0,99946	1,15773	0,60976	0,82834
2022-04-13	0,73189	0,72672	0,66447	0,65567	0,6361	1,31471	1,14309	1,13262	1,12279	1,28186	0,68153	0,91741
2022-04-14	0,69184	0,67645	0,64272	0,65091	0,63251	1,29803	1,12547	1,12582	1,11774	1,26887	0,70323	0,90305
2022-04-18	0,71374	0,67975	0,6279	0,66734	0,59091	1,295	1,12144	1,14688	1,10518	1,26486	0,75225	0,90593
2022-04-19	0,61914	0,58536	0,49729	0,59242	0,55135	1,27539	1,14873	1,10828	1,03947	1,23339	0,66837	0,8472
2022-04-20	0,63808	0,60774	0,5425	0,64018	0,61137	1,36411	1,22471	1,14223	1,12214	1,32045	0,77038	0,90763
2022-04-21	0,69367	0,67448	0,59866	0,68289	0,66989	1,38639	1,2105	1,16991	1,21603	1,35097	0,75535	0,94625
2022-04-22	0,67388	0,61595	0,5704	0,63515	0,67709	1,37617	1,20011	1,14741	1,19778	1,33654	0,68	0,91914
2022-04-25	0,6018	0,50981	0,6426	0,63805	0,62582	1,46033	1,27962	1,23333	1,04217	1,53114	0,64238	0,92791
2022-04-26	0,65463	0,57084	0,71994	0,7108	0,67823	1,62515	1,42013	1,52755	1,09632	1,70173	0,71333	1,03806
2022-04-27	0,61764	0,55925	0,7213	0,71241	0,68468	1,74828	1,5034	1,69697	1,11197	1,8121	0,70844	1,07968
2022-04-28	0,65288	0,57692	0,70088	0,68948	0,71448	1,86659	1,68666	1,8336	1,1266	1,93852	0,43889	1,11141
2022-04-29	0,60908	0,58746	0,64969	0,65997	0,68393	1,533	1,36159	1,47462	1,091	1,61943	0,43889	0,97351
2022-05-02	0,65638	0,59988	0,70024	0,70274	0,72009	1,90695	1,68942	1,41368	1,25552	1,64417	0,47093	1,06909
2022-05-03	0,5906	0,54939	0,68419	0,7	0,70405	1,75564	1,55277	1,26929	1,12815	1,44077	0,55666	0,99377
2022-05-04	0,6409	0,60398	0,72194	0,74566	0,72527	1,68986	1,502	1,22313	1,0689	1,45516	0,57764	0,99586
2022-05-05	0,64818	0,60823	0,73452	0,75415	0,73563	1,67492	1,48274	1,23677	0,99901	1,38177	0,56894	0,98408
2022-05-06	0,69504	0,65928	0,82724	0,85178	0,8198	1,5591	1,38758	1,11716	0,97141	1,37564	0,56663	0,98461
2022-05-09	0,58682	0,55202	0,71994	0,72471	0,70697	1,54814	1,41331	0,98929	0,86517	1,26343	0,52547	0,89957
2022-05-10	0,53635	0,49555	0,67989	0,74988	0,67539	1,56015	1,57327	1,03053	0,92885	1,35735	0,50124	0,91713
2022-05-11	0,61537	0,56472	0,7314	0,82136	0,754	1,65269	1,60058	0,99398	0,90038	1,31299	0,52005	0,95159
2022-05-12	0,60931	0,55214	0,76427	0,869	0,8046	1,61114	1,56106	0,94269	0,87924	1,21492	0,50496	0,93757
2022-05-13	0,73175	0,66449	0,90086	1,01392	1,00326	1,72446	1,66152	1,02256	1,05862	1,31624	0,52579	1,05668
2022-05-16	0,74633	0,65887	0,88749	0,95364	0,99451	1,78036	1,49487	0,91558	1,00098	1,15606	0,56472	1,01394
2022-05-17	0,6955	0,62152	0,84046	0,83118	0,85561	1,68514	1,43832	0,83143	0,92513	1,05121	0,52882	0,93675
2022-05-18	0,67461	0,59455	0,73977	0,73227	0,76676	1,29453	1,1324	0,74327	0,8577	0,95937	0,50752	0,81843
2022-05-19	0,77323	0,69288	0,85598	0,83391	0,85904	1,17456	0,99652	0,84985	0,96405	1,05063	0,5225	0,87029
2022-05-20	0,81808	0,74333	0,93864	0,93096	0,8517	1,22637	1,04286	0,88528	1,02568	1,09569	0,5125	0,91555
2022-05-23	0,73432	0,72557	0,87597	0,87025	0,7619	1,15854	0,98498	0,84781	1,02962	1,07004	0,49191	0,86826
2022-05-24	0,70195	0,68786	0,83899	0,87822	0,73236	1,12093	0,94765	0,86703	0,97859	1,06006	0,43473	0,84076
2022-05-25	0,70333	0,69201	0,87044	0,91004	0,83854	1,1849	1,00394	0,9393	1,01208	1,13771	0,40941	0,88197
2022-05-26	0,74959	0,73814	0,85323	0,90166	0,81551	1,13301	0,96826	0,97295	1,05533	1,16846	0,40445	0,88733
2022-05-27	0,71916	0,7455	0,93308	0,96727	0,88631	1,08887	0,95338	0,97358	1,11161	1,17259	0,36446	0,90144
2022-05-30	0,73368	0,7735	0,94408	0,97887	0,8724	1,11033	0,97157	0,98745	1,12956	1,18988	0,36136	0,91388
2022-05-31	0,72493	0,80983	0,94787	0,93956	0,88021	1,11412	0,95784	0,98946	1,17759	1,16885	0,39545	0,9187
2022-06-01	0,7	0,74497	0,99627	0,95604	0,88761	1,20085	1,03554	1,02611	1,24286	1,18865	0,38851	0,94249
2022-06-02	0,69908	0,73088	1,06317	1,01147	0,94093	1,23595	1,0588	1,0608	1,24381	1,22271	0,34902	0,96515
2022-06-03	0,72896	0,7774	1,08653	1,06759	0,96703	1,27403	1,09972	1,10132	1,26951	1,25743	0,38453	1,00128
2022-06-06	0,70203	0,75302	1,05176	1,0423	0,95189	1,28156	1,10728	1,11434	1,28745	1,27133	0,36492	0,99344
2022-06-07	0,72735	0,78996	0,99861	1,00811	0,96157	1,24446	1,07987	1,09448	1,18072	1,23401	0,35816	0,97066
2022-06-08	0,73927	0,80978	1,00549	1,00471	1,00304	1,21209	1,05278	1,06223	1,13978	1,20065	0,32905	0,9599
2022-06-09	0,73848	0,80157	0,99536	1,03307	1,01098	1,302	1,11571	1,1323	1,21215	1,31611	0,33155	0,99903
2022-06-10	0,71638	0,77865	0,93868	0,97511	0,95462	1,26228	1,07323	1,08808	1,17298	1,26616	0,31016	0,95785
2022-06-13	0,7031	0,78265	0,89827	0,93732	0,92083	1,23651	1,05142	1,06918	1,08431	1,23875	0,27807	0,92731
2022-06-14	0,67635	0,75758	0,89523	0,92385	0,86771	1,29125	1,10449	1,11699	1,10209	1,2745	0,22845	0,93077
2022-06-15	0,60033	0,70292	0,84778	0,88995	0,83245	1,34617	1,16399	1,1808	1,19347	1,3283	0,28919	0,94321
2022-06-16	0,6321	0,70249	0,88409	0,92039	0,8567	1,40822	1,20668	1,22184	1,24421	1,39967	0,28496	0,9783
2022-06-17	0,5418	0,63494	0,85496	0,89932	0,86093	1,33117	1,14908	1,15881	1,08901	1,30559	0,21146	0,91246
2022-06-20	0,52931	0,61765	0,82621	0,86917	0,80479	1,30379	1,12644	1,13654	1,06689	1,2598	0,21399	0,88678
2022-06-21	0,50041	0,59095	0,8025	0,84433	0,78265	1,26035	1,0904	1,09942	1,03169	1,21696	0,22991	0,85905
2022-06-22	0,45208	0,54218	0,76027	0,79842	0,73718	1,21465	1,04828	1,05571	0,98136	1,16865	0,22874	0,81705
2022-06-23	0,44645	0,5222	0,71174	0,73413	0,69949	1,13876	1,01391	1,01756	0,99056	1,09696	0,17966	0,7774
2022-06-24	0,48779	0,54523	0,77609	0,8445	0,74516	1,1523	1,01756	1,036	1,03494	1,23489	0,15437	0,8208
2022-06-27	0,50168	0,5656	0,77131	0,8121	0,7337	1,13708	0,98648	1,00096	1,01001	1,19607	0,16346	0,80713
2022-06-28	0,55741	0,63426	0,82069	0,89461	0,7795	1,12396	0,97828	1,03388	0,99904	1,15352	0,18261	0,83252
2022-06-29	0,52652	0,60255	0,72456	0,79623	0,68319	1,02214	0,88884	0,94129	0,9308	1,0552	0,17692	0,75893
2022-06-30	0,46572	0,5568	0,66546	0,73895	0,60365	0,97211	0,8429	0,8806	0,88654	0,9931	0,17354	0,70721
2022-07-01	0,46422	0,55444	0,70789	0,73759	0,64008	0,97036	0,87517	0,89192	0,901	0,99209	0,10769	0,71295
2022-07-04	0,46345	0,57141	0,67487	0,69436	0,62093	0,93866	0,84764	0,8634	0,8716	0,95398	0,09776	0,69073
2022-07-05	0,34735	0,41039	0,53427	0,53132	0,4166	0,7461	0,67187	0,6797	0,69916	0,7637	0,04933	0,5318
2022-07-06	0,36254	0,43174	0,53599	0,51236	0,39854	0,71658	0,65236	0,65196	0,66731	0,73583	0,02875	0,51763
2022-07-07	0,44863	0,52604	0,65303	0,61181	0,45748	0,88086	0,79828	0,80936	0,81143	0,90528	0,10748	0,63724
2022-07-08	0,46314	0,51792	0,6316	0,57764	0,45369	0,85036	0,7688	0,78368	0,77969	0,87646	0,09917	0,61838
2022-07-11	0,42288	0,48885	0,61123	0,55769	0,45952	0,87054	0,78764	0,8043	0,78835	0,89642	0,07888	0,61512
2022-07-12	0,3164	0,39351	0,53113	0,44989	0,37682	0,79343	0,73628	0,75239	0,73829	0,82943	0,05515	0,54297
2022-07-13	0,30835	0,38284	0,49392	0,41515	0,37262	0,78646	0,72798	0,73202	0,71828	0,83316	0,0411	0,52835
2022-07-14	0,33849	0,4225	0,48339	0,41655	0,35878	0,82536	0,75702	0,76488	0,74273	0,85819	0,01093	0,54353
2022-07-15	0,38956	0,50624	0,52362	0,42084	0,42137	0,87766	0,80171	0,80254	0,77853	0,90021	0	0,58384
2022-07-18	0,45596	0,57494	0,54793	0,44165	0,44483	0,83869	0,76641	0,76585	0,74361	0,85791	-0,00907	0,58443
2022-07-19	0,59699	0,65816	0,66572	0,53917	0,52281	0,95856	0,85081	0,86439	0,81873	0,97195	0,0334	0,68006
2022-07-20	0,55154	0,65443	0,62038	0,52054	0,46628	0,91517	0,80744	0,82362	0,78036	0,84399	0,09634	0,64365
2022-07-21	0,40108	0,55514	0,45779	0,41678	0,36833	0,83473	0,7356	0,74569	0,68883	0,83741	0,05164	0,55391
2022-07-22	0,35426	0,43798	0,47792	0,36049	0,36041	0,75936	0,6582	0,67664	0,63455	0,76776	0,03226	0,5018
2022-07-25	0,38192	0,44577	0,50349	0,42941	0,3976	0,75601	0,65495	0,67292	0,62811	0,76878	0,04596	0,51681
2022-07-26	0,35468	0,43495	0,47693	0,45731	0,37351	0,76744	0,66651	0,68316	0,63976	0,79613	0,03486	0,51684
2022-07-27	0,39551	0,4644	0,52029	0,49288	0,36509	0,85685	0,74418	0,76544	0,63695	0,88784	0,03843	0,56071
2022-07-28	0,36949	0,46065	0,54447	0,53996	0,3407	0,83079	0,71688	0,76027	0,60427	0,85218	0,04596	0,55142
2022-07-29	0,37612	0,46147	0,44175	0,42527	0,30899	0,75324	0,64703	0,68011	0,52545	0,75361	0,05489	0,49345
2022-08-01	0,30651	0,36503	0,42984	0,23863	0,26911	0,68735	0,60201	0,594	0,47135	0,67614	-0,00801	0,42109
2022-08-02	0,36222	0,44108	0,42357	0,27183	0,33098	0,68769	0,60691	0,59712	0,47593	0,68521	0,02374	0,44603
2022-08-03	0,32007	0,39022	0,39529	0,25981	0,28786	0,72004	0,62506	0,627	0,49932	0,7169	0,01659	0,44165
2022-08-04	0,33876	0,38034	0,35031	0,20841	0,25118	0,70282	0,60609	0,60755	0,49017	0,71213	-0,03304	0,41952
2022-08-05	0,32808	0,39049	0,35467	0,18287	0,25136	0,61004	0,52546	0,53888	0,39388	0,62987	-0,01292	0,38115
2022-08-08	0,37006	0,45677	0,39779	0,22091	0,28889	0,62208	0,52987	0,53915	0,42127	0,63027	-0,02757	0,4045
2022-08-09	0,39994	0,49045	0,44248	0,27099	0,37143	0,7369	0,6316	0,64653	0,51737	0,71859	-0,02678	0,47268
2022-08-10	0,38563	0,47681	0,37303	0,29002	0,38989	0,70366	0,6337	0,65005	0,46601	0,76927	-0,0272	0,46462
2022-08-11	0,4	0,48896	0,35284	0,2664	0,36015	0,71488	0,65275	0,66862	0,5363	0,77265	-0,0266	0,47154
2022-08-12	0,3724	0,44449	0,36173	0,26664	0,37352	0,73815	0,67398	0,69065	0,57837	0,77312	-0,03707	0,476
2022-08-15	0,34933	0,38575	0,34026	0,25364	0,35287	0,76704	0,67475	0,69074	0,58488	0,77741	-0,05463	0,46564
2022-08-16	0,3231	0,36092	0,3443	0,25662	0,36914	0,78703	0,69415	0,71078	0,60336	0,78886	-0,07482	0,4694
2022-08-17	0,36617	0,40086	0,38257	0,27981	0,40844	0,86935	0,76829	0,78557	0,69063	0,86251	-0,05924	0,52318
2022-08-18	0,42595	0,40431	0,4467	0,36232	0,49202	0,93322	0,82191	0,84105	0,74001	0,93284	-0,04105	0,57812
2022-08-19	0,46883	0,44386	0,45437	0,39419	0,50467	0,98981	0,87354	0,89509	0,78917	0,99766	-0,00719	0,61855
2022-08-22	0,50072	0,45108	0,45418	0,39326	0,50145	1,12212	0,98524	1,00813	0,89125	1,12097	0,00917	0,67614
2022-08-23	0,46931	0,44042	0,39991	0,32579	0,42153	1,04069	0,91934	0,93625	0,80939	1,00904	0,02091	0,61751
2022-08-24	0,41511	0,40247	0,30957	0,27366	0,35832	1,0676	0,94869	0,95937	0,84541	1,04452	0,00987	0,60314
2022-08-25	0,36169	0,37008	0,24051	0,21497	0,20629	0,94278	0,86891	0,90416	0,73118	0,9633	0,00724	0,52828
2022-08-26	0,38876	0,4361	0,27112	0,24218	0,2499	1,00577	0,92641	0,96252	0,78532	1,03746	-0,00535	0,57274
2022-08-29	0,41488	0,39953	0,2744	0,25241	0,26881	0,93578	0,86094	0,88921	0,7837	0,94305	-0,00615	0,54696
2022-08-30	0,3291	0,37476	0,17198	0,15694	0,19237	0,85125	0,78364	0,80793	0,72534	0,84932	-0,05536	0,47157
2022-08-31	0,31653	0,3145	0,13301	0,12112	0,25153	0,78347	0,72991	0,75036	0,62539	0,78136	-0,0503	0,43244
2022-09-01	0,26898	0,28129	0,11053	0,1258	0,36611	0,73724	0,6934	0,56896	0,59821	0,71474	-0,08	0,39866
2022-09-02	0,24575	0,2655	0,11802	0,14773	0,48635	0,74187	0,69847	0,69358	0,62383	0,72709	-0,08369	0,42405
2022-09-05	0,25887	0,28945	0,12185	0,15187	0,49803	0,74362	0,70005	0,69518	0,62528	0,72088	-0,09137	0,42852
2022-09-06	0,25973	0,26232	0,10902	0,1388	0,56138	0,71908	0,67733	0,67202	0,61015	0,69625	-0,07879	0,42066
2022-09-07	0,20456	0,21407	0,12544	0,12534	0,51135	0,7472	0,69793	0,69046	0,6311	0,73991	-0,10633	0,41646
2022-09-08	0,21165	0,216	0,12696	0,11045	0,60891	0,7234	0,67245	0,66603	0,61012	0,72704	-0,12458	0,41349
2022-09-09	0,27849	0,28547	0,17761	0,15901	0,64029	0,76115	0,70725	0,69995	0,6445	0,76915	-0,12773	0,4541
2022-09-12	0,26296	0,29003	0,17772	0,17564	0,65753	0,75	0,69953	0,6969	0,67597	0,75858	-0,12573	0,45629
2022-09-13	0,24525	0,26134	0,1866	0,14119	0,59051	0,7065	0,66667	0,65232	0,64172	0,7023	-0,13857	0,42326
2022-09-14	0,26017	0,27077	0,20416	0,17305	0,57156	0,61988	0,58029	0,5721	0,57032	0,60051	-0,15004	0,38843
2022-09-15	0,18088	0,19294	0,15315	0,12321	0,58291	0,5066	0,47395	0,45876	0,48789	0,47295	-0,20568	0,3116
2022-09-16	0,17719	0,19018	0,14006	0,15799	0,59746	0,48099	0,44264	0,43741	0,46491	0,455	-0,22967	0,30129
2022-09-19	0,19503	0,19815	0,16419	0,17358	0,80878	0,53372	0,50181	0,50626	0,51852	0,51212	-0,24215	0,35182
2022-09-20	0,20281	0,21783	0,16413	0,19272	0,81378	0,58657	0,55479	0,55755	0,57507	0,61866	-0,24622	0,38524
2022-09-21	0,18253	0,2201	0,16907	0,22138	0,80138	0,54501	0,5261	0,5301	0,54312	0,60885	-0,2717	0,37054
2022-09-22	0,16098	0,19735	0,19558	0,27024	0,82177	0,56039	0,54525	0,54043	0,55665	0,6129	-0,27007	0,38104
2022-09-23	0,07681	0,10269	0,12202	0,19407	0,639	0,45528	0,45018	0,46898	0,45126	0,51583	-0,33857	0,28523
2022-09-26	0,04031	0,06626	0,06849	0,17636	1,03439	0,38876	0,38767	0,40814	0,46785	0,46731	-0,36119	0,28585
2022-09-27	0,04461	0,0903	0,19175	0,19365	1,05825	0,41239	0,42185	0,44687	0,50299	0,53381	-0,37226	0,32038
2022-09-28	0,09504	0,14368	0,23381	0,24595	0,96565	0,512	0,51686	0,54676	0,56882	0,63563	-0,39079	0,37031
2022-09-29	0,08953	0,14834	0,19632	0,21591	1,05843	0,46839	0,47881	0,5206	0,61809	0,76648	-0,38381	0,37974
2022-09-30	0,06235	0,14253	0,16587	0,15724	1,01167	0,45226	0,44625	0,47185	0,59408	0,60018	-0,40055	0,3367
2022-10-03	0,10578	0,14207	0,20972	0,20506	1,07779	0,47485	0,47711	0,44851	0,64457	0,53229	-0,42204	0,35415
2022-10-04	0,11831	0,15103	0,23383	0,22567	1,02772	0,50172	0,50062	0,52037	0,68055	0,50613	-0,41326	0,36843
2022-10-05	0,11431	0,14059	0,22918	0,23395	0,85138	0,58824	0,57052	0,53811	0,72639	0,59833	-0,38863	0,38204
2022-10-06	0,14473	0,17521	0,26913	0,26853	0,90324	0,71018	0,68033	0,63571	0,84243	0,71306	-0,38251	0,45091
2022-10-07	0,18621	0,20087	0,27518	0,28468	0,3761	0,74667	0,75566	0,68657	0,85825	0,74036	-0,38982	0,42916
2022-10-10	0,15148	0,18206	0,26107	0,27223	0,36466	0,73995	0,74789	0,68377	0,85523	0,73575	-0,38239	0,41924
2022-10-11	0,11297	0,13636	0,1635	0,13587	0,22121	0,7076	0,6983	0,59414	0,77238	0,57081	-0,4243	0,33535
2022-10-12	0,08768	0,11864	0,18304	0,14849	0,16572	0,71057	0,6949	0,59045	0,75979	0,5759	-0,42069	0,32859
2022-10-13	0,11057	0,13923	0,18343	0,19244	0,17963	0,85494	0,8096	0,67817	0,86516	0,6465	-0,39564	0,38764
2022-10-14	0,05735	0,09969	0,18939	0,16297	0,14043	0,85487	0,83037	0,61888	0,42172	0,54468	-0,45267	0,31524
2022-10-17	0,04382	0,07523	0,11422	0,13463	-0,02151	0,90719	0,87172	0,63248	0,45262	0,57246	-0,4619	0,3019
2022-10-18	0,00811	0,06335	0,11456	0,07621	-0,04015	0,88524	0,85139	0,59152	0,4166	0,52017	-0,44624	0,27643
2022-10-19	0,03378	0,07434	0,15565	0,10479	0,00383	0,81901	0,56876	0,5068	0,31863	0,46727	-0,43691	0,23781
2022-10-20	0,01919	0,06716	0,14175	0,07097	-0,00568	0,694	0,64819	0,41723	0,2662	0,39482	-0,44064	0,20665
2022-10-21	0,03424	0,0856	0,1592	0,06669	0,08224	0,71452	0,67279	0,43327	0,30964	0,46456	-0,43493	0,23526
2022-10-24	0,01881	0,07187	0,18592	0,08867	0,03781	0,70754	0,70915	0,61004	0,38882	0,62154	-0,43569	0,27314
2022-10-25	0,02706	0,08144	0,23427	0,13727	0,05871	0,66488	0,65474	0,60896	0,37699	0,61823	-0,38316	0,27994
2022-10-26	0,04379	0,09188	0,24508	0,23158	0,10319	0,73645	0,72678	0,66786	0,41455	0,71569	-0,37554	0,32739
2022-10-27	0,07743	0,11947	0,313	0,29121	0,18589	0,86613	0,80798	0,77814	0,42406	0,80493	-0,3663	0,39109
2022-10-28	0,06125	0,13477	0,25179	0,18575	0,15215	0,92129	0,94024	0,86683	0,42179	0,91615	-0,35809	0,40854
2022-10-31	0,03641	0,12274	0,23256	0,14648	0,10932	0,83305	0,92722	0,83738	0,40808	0,83063	-0,36659	0,3743
2022-11-01	0,0509	0,12555	0,24098	0,0696	0,16673	0,69289	0,72521	0,47321	0,3763	0,43807	-0,36606	0,27212
2022-11-02	0,07329	0,138	0,15254	0,10908	0,22453	0,44823	0,58606	0,49242	0,30289	0,46565	-0,3639	0,23898
2022-11-03	0,09057	0,17497	0,28106	0,15381	0,27589	0,9166	0,91608	0,63124	0,41697	0,62314	-0,38467	0,37233
2022-11-04	0,17368	0,2418	0,32351	0,20375	0,37837	1,00044	0,98799	0,65648	0,4012	0,62568	-0,35849	0,42131
2022-11-07	0,12985	0,21157	0,28519	0,17028	0,34037	0,93261	0,90794	0,54238	0,32899	0,53085	-0,34836	0,36652
2022-11-08	0,08346	0,16378	0,28478	0,1367	0,4161	0,91104	0,88781	0,52649	0,31213	0,48174	-0,36023	0,34944
2022-11-09	0,01985	0,10092	0,21855	0,06864	0,3779	0,8358	0,84307	0,40539	0,36273	0,37085	-0,39213	0,29196
2022-11-10	0,06512	0,13677	0,26667	0,10614	0,42549	0,85702	0,94542	0,41426	0,38486	0,37112	-0,36732	0,32778
2022-11-11	0,09415	0,15552	0,25828	0,10083	0,4166	0,8651	0,95337	0,41961	0,3904	0,37906	-0,36781	0,33319
2022-11-14	0,06158	0,12895	0,21242	0,09091	0,2322	0,87158	0,88345	0,4076	0,43276	0,4187	-0,30714	0,31209
2022-11-15	0,07446	0,15084	0,20875	0,05495	0,16898	0,90969	0,92483	0,42211	0,47167	0,46697	-0,27453	0,32534
2022-11-16	0,06018	0,1178	0,13864	0,02804	0,1558	0,66551	0,65325	0,40913	0,4518	0,4435	-0,2884	0,25775
2022-11-17	0,04303	0,12805	0,15616	0,03571	0,00723	0,61694	0,61214	0,40087	0,43732	0,4423	-0,25436	0,23867
2022-11-18	0,01457	0,07859	0,13204	-0,01287	-0,07358	0,60214	0,59908	0,38939	0,40251	0,43804	-0,23971	0,21184
2022-11-21	0,04769	0,10219	0,18531	0,03098	-0,04711	0,56512	0,56332	0,43654	0,4144	0,49522	-0,24866	0,23136
2022-11-22	0,0533	0,09485	0,17124	0,09025	-0,07221	0,59414	0,53681	0,38963	0,30748	0,42958	-0,25919	0,21235
2022-11-23	-0,00498	0,02961	0,09901	0,07732	-0,11283	0,49334	0,44236	0,27405	0,19387	0,30888	-0,2746	0,13873
2022-11-24	-0,00498	0,03909	0,11237	0,09011	-0,10625	0,50537	0,45512	0,28343	0,20252	0,3071	-0,2746	0,1463
2022-11-25	-0,02388	0,01645	0,07044	0,04615	-0,1375	0,47225	0,42394	0,25141	0,18192	0,27343	-0,2746	0,11818
2022-11-28	-0,01558	0,15379	0,05073	-0,07209	-0,18477	0,32856	0,34134	0,26049	0,03585	0,23749	-0,29785	0,07618
2022-11-29	0,11563	0,13472	0,18779	0,01667	-0,04698	0,54541	0,5455	0,46391	0,1854	0,45038	-0,30543	0,20845
2022-11-30	0,21681	0,20816	0,20365	0,13881	0,04594	0,65643	0,64161	0,57393	0,25271	0,55951	-0,2402	0,29612
2022-12-01	0,23869	0,2409	0,29267	0,11947	0,03529	0,60322	0,58744	0,5	0,27797	0,51649	-0,2485	0,2876
2022-12-02	0,1991	0,22647	0,22271	0,068	-0,04591	0,51799	0,51587	0,41533	0,26342	0,45078	-0,27169	0,23292
2022-12-05	0,15725	0,1789	0,20422	0,03749	-0,08536	0,4382	0,43989	0,31011	0,19377	0,35814	-0,30404	0,17532
2022-12-06	0,06593	0,08913	0,11845	-0,01886	-0,15287	0,33824	0,33747	0,28	0,14318	0,25799	-0,3101	0,10441
2022-12-07	-0,00014	0,02078	0,06156	-0,07388	-0,19957	0,24606	0,25056	0,19284	0,06214	0,16762	-0,38727	0,03097
2022-12-08	-0,0156	0,00105	-0,034	-0,08886	-0,10488	0,25844	0,24912	0,23011	0,14286	0,24495	-0,33	0,05029
2022-12-09	0,00254	0,03063	-0,01414	-0,06729	-0,09383	0,25203	0,24295	0,2274	0,15747	0,23062	-0,3386	0,05725
2022-12-12	0,01743	0,04028	-0,01753	-0,06321	-0,09205	0,29745	0,30027	0,26241	0,20734	0,28612	-0,33333	0,08229
2022-12-13	0,0597	0,08122	0,02539	-0,01384	-0,05288	0,379	0,37489	0,32966	0,28371	0,36662	-0,31268	0,13825
2022-12-14	0,0931	0,13575	0,07601	0,04012	-0,06486	0,48354	0,47083	0,44082	0,4402	0,46917	-0,30978	0,20681
2022-12-15	0,07053	0,11708	0,02337	-0,03303	-0,04494	0,47396	0,45889	0,43081	0,42084	0,44662	-0,33043	0,18488
2022-12-16	0,02557	0,07449	0,00179	-0,05592	-0,07211	0,39534	0,37926	0,3344	0,33953	0,36506	-0,34172	0,13143
2022-12-19	0,05809	0,11909	0,03034	-0,00855	0,00616	0,40048	0,38378	0,34047	0,33722	0,35036	-0,36443	0,15027
2022-12-20	0,10526	0,12679	0,07725	0,04629	0,0385	0,38357	0,39122	0,34554	0,34242	0,36436	-0,32356	0,17251
2022-12-21	0,09944	0,10158	0,06797	0,02574	0,03506	0,39366	0,3977	0,36759	0,3619	0,39255	-0,32403	0,17447
2022-12-22	0,06674	0,06547	0,06346	0,02275	0,03542	0,349	0,35526	0,33363	0,32084	0,37021	-0,31317	0,15178
2022-12-23	0,07687	0,08117	0,09171	0,0487	0,06619	0,38834	0,39254	0,36419	0,33779	0,40378	-0,32607	0,17502
2022-12-27	0,05246	0,09583	0,08103	0,06284	0,04077	0,42277	0,42578	0,4577	0,37681	0,50091	-0,34579	0,19737
2022-12-28	0,03789	0,08586	0,0676	0,06574	0,01985	0,40834	0,41122	0,42925	0,33278	0,50023	-0,35682	0,182
2022-12-29	0,02416	0,02963	0,06776	0,06239	0,04775	0,39442	0,40067	0,45752	0,34437	0,51879	-0,38014	0,17885
2022-12-30	0,04334	0,05356	0,12705	0,13825	0,11661	0,38224	0,38924	0,44985	0,33387	0,5061	-0,36064	0,19813
2023-01-03	0,01158	0,02696	0,07863	0,07371	0,0677	0,31804	0,33291	0,36312	0,25438	0,41549	-0,31612	0,14786
2023-01-04	-0,05429	-0,05139	0,03414	0,02724	-0,01927	0,25713	0,26209	0,26083	0,18514	0,36983	-0,344	0,08431
2023-01-05	-0,05422	-0,04801	0,0346	0,0022	-0,06245	0,24532	0,25175	0,2716	0,11646	0,36589	-0,344	0,07083
2023-01-06	-0,07173	-0,06806	0,01535	-0,00304	-0,07143	0,23519	0,23804	0,25565	0,16822	0,3784	-0,35174	0,0659
2023-01-09	-0,05456	-0,05809	0,02856	0,00523	-0,05339	0,22999	0,23197	0,25308	0,11888	0,45985	-0,33245	0,07537
2023-01-10	-0,03841	-0,03874	0,04262	0,02156	-0,0389	0,26289	0,26049	0,2856	0,17454	0,41004	-0,31593	0,09325
2023-01-11	-0,04571	-0,04554	0,06081	0,04934	-0,02721	0,2545	0,25843	0,26481	0,15423	0,42898	-0,3	0,09569
2023-01-12	-0,05078	-0,03775	0,04879	0,0371	-0,03266	0,25728	0,25498	0,26496	0,15411	0,43331	-0,28559	0,09489
2023-01-13	-0,02525	-0,02762	0,09061	0,09213	-0,00506	0,27438	0,27116	0,26979	0,15462	0,56178	-0,28032	0,12511
2023-01-16	-0,04677	-0,05185	0,06591	0,07052	-0,00156	0,25308	0,25104	0,24575	0,14519	0,5354	-0,28032	0,10785
2023-01-17	-0,04259	-0,03917	0,07845	0,07918	0,00664	0,25308	0,24727	0,24575	0,14705	0,43484	-0,24517	0,10594
2023-01-18	-0,06895	-0,05685	0,052	0,05306	0,00318	0,22456	0,22124	0,21911	0,18453	0,39093	-0,24937	0,08849
2023-01-19	-0,0752	-0,05087	0,0817	0,09154	0,04065	0,26934	0,27412	0,2645	0,23693	0,4185	-0,23077	0,12004
2023-01-20	-0,05818	-0,03109	0,10339	0,12587	0,07893	0,31504	0,32426	0,31638	0,28842	0,57649	-0,24091	0,16351
2023-01-23	-0,04157	-0,02462	0,11786	0,13904	0,11543	0,33751	0,33395	0,32531	0,33567	0,52402	-0,23149	0,17556
2023-01-24	-0,05469	-0,02838	0,11521	0,13557	0,02885	0,31178	0,31347	0,30361	0,30104	0,51398	-0,23584	0,15496
2023-01-25	-0,07886	-0,04928	0,07446	0,07818	-0,01493	0,24695	0,26115	0,30069	0,20015	0,54372	-0,22393	0,12166
2023-01-26	-0,08706	-0,05405	0,06192	0,05437	-0,00786	0,22635	0,24006	0,27538	0,22338	0,55694	-0,21833	0,11555
2023-01-27	-0,08994	-0,05888	0,03142	0,03022	0,04181	0,13476	0,15453	0,16583	0,15182	0,42782	-0,23617	0,06847
2023-01-30	-0,11064	-0,07183	0	-0,00471	0,05776	0,09492	0,11642	0,1265	0,11693	0,39992	-0,2874	0,03981
2023-01-31	-0,11451	-0,0967	0,0211	0,0228	0,07498	0,15075	0,15496	0,15751	0,14845	0,33217	-0,31433	0,04883
2023-02-01	-0,13466	-0,09563	-0,02809	-0,02675	0,03048	0,06307	0,09763	0,07675	0,07105	0,15012	-0,35474	-0,01371
2023-02-02	-0,13941	-0,11878	-0,03804	-0,03581	0,02053	0,0349	0,06445	0,04314	0,04371	0,06089	-0,38409	-0,04077
2023-02-03	-0,18598	-0,15206	-0,09034	-0,10395	-0,03098	-0,04259	-0,00531	-0,02644	-0,0212	-0,02828	-0,38409	-0,09738
2023-02-06	-0,19681	-0,16911	-0,07594	-0,11207	-0,02095	-0,0562	-0,02132	-0,04678	-0,03256	0,00336	-0,37578	-0,10038
2023-02-07	-0,1543	-0,14762	-0,0559	-0,05347	0,02278	-0,01116	0,02695	-0,00106	0,03358	0,05381	-0,33603	-0,05658
2023-02-08	-0,12147	-0,12387	-0,03452	-0,04214	0,0625	0,00073	0,01288	0,01796	0,05751	0,07526	-0,29794	-0,03574
2023-02-09	-0,12873	-0,12101	-0,05358	-0,05834	0,03547	-0,0399	-0,03371	-0,02488	0,0568	0,03509	-0,31099	-0,05852
2023-02-10	-0,11232	-0,11321	-0,03343	-0,03312	0,08399	-0,02293	-0,00622	0,00359	0,08545	0,04057	-0,30323	-0,03735
2023-02-13	-0,13921	-0,11815	-0,05974	-0,0648	0,0282	-0,05699	-0,04027	-0,03034	0,02872	0,0025	-0,32419	-0,07039
2023-02-14	-0,17211	-0,16427	-0,07436	-0,08502	0,03749	-0,0534	-0,03541	-0,0277	0,01052	0,01936	-0,33759	-0,08023
2023-02-15	-0,14663	-0,14548	-0,03884	-0,05728	0,10183	-0,04817	-0,02875	-0,02533	0,0703	0,00298	-0,34318	-0,05987
2023-02-16	-0,16391	-0,13957	-0,05424	-0,05943	0,10239	-0,03914	-0,02188	-0,01271	0,09451	0,0069	-0,36335	-0,05913
2023-02-17	-0,16856	-0,13969	-0,07962	-0,07614	0,07609	-0,05535	-0,03892	-0,02554	0,05433	-0,01664	-0,37068	-0,07643
2023-02-20	-0,16382	-0,13922	-0,08968	-0,08925	0,07415	-0,05002	-0,03069	-0,02411	0,05052	-0,02232	-0,36582	-0,07729
2023-02-21	-0,16415	-0,16988	-0,09041	-0,08439	0,05004	-0,02783	-0,00964	-0,00256	0,0581	0,00038	-0,37355	-0,07399
2023-02-22	-0,19716	-0,19427	-0,11934	-0,13755	-0,03353	-0,05742	-0,04176	-0,03614	0,0259	0,05824	-0,37267	-0,10052
2023-02-23	-0,1832	-0,17333	-0,11843	-0,19294	0,04932	-0,05878	-0,04822	-0,03668	0,01815	0,03557	-0,36371	-0,09748
2023-02-24	-0,17872	-0,18738	-0,1423	-0,16473	-0,02755	-0,05327	-0,03648	-0,02768	-0,01463	0,08673	-0,35585	-0,10017
2023-02-27	-0,17572	-0,17573	-0,1215	-0,14162	0,00469	-0,03146	-0,02263	-0,00604	0,00742	0,14004	-0,39636	-0,08354
2023-02-28	-0,20025	-0,19276	-0,11536	-0,13689	0,02348	-0,07536	-0,0641	-0,06782	-0,03231	0,04097	-0,37455	-0,10863
2023-03-01	-0,25169	-0,24565	-0,18947	-0,16829	-0,02522	-0,14482	-0,13072	-0,11524	-0,09947	-0,00789	-0,38881	-0,16066
2023-03-02	-0,2952	-0,2925	-0,20117	-0,2267	-0,08394	-0,2264	-0,21162	-0,20602	-0,1948	-0,13952	-0,37983	-0,22343
2023-03-03	-0,26066	-0,25676	-0,16714	-0,18951	-0,07124	-0,20855	-0,19714	-0,19113	-0,16762	-0,09949	-0,40909	-0,20167
2023-03-06	-0,30561	-0,3068	-0,22554	-0,24276	-0,14123	-0,2672	-0,25614	-0,25419	-0,22725	-0,18367	-0,37155	-0,2529
2023-03-07	-0,35058	-0,35646	-0,26925	-0,25198	-0,19335	-0,33088	-0,31521	-0,31148	-0,29062	-0,23707	-0,45511	-0,30564
2023-03-08	-0,38078	-0,38354	-0,29597	-0,26784	-0,28965	-0,41767	-0,3958	-0,39996	-0,38869	-0,31707	-0,45511	-0,36292
2023-03-09	-0,30521	-0,3052	-0,24061	-0,2178	-0,27339	-0,29838	-0,2689	-0,26457	-0,25289	-0,14665	-0,48978	-0,27849
2023-03-10	-0,27735	-0,28147	-0,17572	-0,16694	-0,23645	-0,21358	-0,19148	-0,16045	-0,15276	-0,10876	-0,49536	-0,22367
2023-03-13	-0,31681	-0,32546	-0,23038	-0,22167	-0,2977	-0,23997	-0,22135	-0,19	-0,19895	-0,14572	-0,50774	-0,26325
2023-03-14	-0,3104	-0,30456	-0,20942	-0,18935	-0,26743	-0,21346	-0,18125	-0,16425	-0,17573	-0,13876	-0,4251	-0,23452
2023-03-15	-0,30118	-0,29332	-0,18344	-0,16476	-0,37237	-0,18318	-0,14276	-0,12735	-0,15664	-0,1051	-0,4216	-0,22288
2023-03-16	-0,2815	-0,30102	-0,17575	-0,14019	-0,37056	-0,20038	-0,1679	-0,16378	-0,18173	-0,13135	-0,42174	-0,23054
2023-03-17	-0,35311	-0,37419	-0,24241	-0,21494	-0,38221	-0,27403	-0,25229	-0,25036	-0,26197	-0,24012	-0,47979	-0,30231
2023-03-20	-0,35467	-0,36652	-0,23907	-0,20756	-0,40581	-0,30242	-0,27654	-0,27762	-0,28649	-0,25949	-0,47849	-0,31406
2023-03-21	-0,38113	-0,3885	-0,23677	-0,25619	-0,40884	-0,33725	-0,31394	-0,31186	-0,28846	-0,30998	-0,48088	-0,33762
2023-03-22	-0,36315	-0,37398	-0,21291	-0,22485	-0,36742	-0,3329	-0,31825	-0,30188	-0,33432	-0,30128	-0,47238	-0,32757
2023-03-23	-0,39272	-0,41727	-0,23759	-0,23982	-0,38012	-0,38826	-0,3726	-0,35151	-0,39783	-0,35528	-0,49625	-0,3663
2023-03-24	-0,39387	-0,40611	-0,22369	-0,22532	-0,36085	-0,38898	-0,37301	-0,35784	-0,38429	-0,36194	-0,4853	-0,36011
2023-03-27	-0,37289	-0,37393	-0,21338	-0,21746	-0,30319	-0,35698	-0,34599	-0,36033	-0,35889	-0,28732	-0,4648	-0,33229
2023-03-28	-0,32013	-0,31817	-0,13745	-0,14341	-0,24504	-0,29803	-0,28901	-0,28143	-0,30989	-0,2258	-0,44586	-0,27402
2023-03-29	-0,30024	-0,31279	-0,15245	-0,17148	-0,24719	-0,322	-0,31383	-0,31345	-0,35437	-0,35752	-0,44191	-0,29884
2023-03-30	-0,31064	-0,32131	-0,17532	-0,20801	-0,20223	-0,32997	-0,32026	-0,33265	-0,35065	-0,3585	-0,45645	-0,306
2023-03-31	-0,24719	-0,26191	-0,16447	-0,16009	-0,14855	-0,31398	-0,2775	-0,31318	-0,29601	-0,33742	-0,44389	-0,26947
2023-04-03	-0,1905	-0,19146	-0,11136	-0,12821	-0,11718	-0,23817	-0,20041	-0,26008	-0,30797	-0,29021	-0,39118	-0,22061
2023-04-04	-0,2187	-0,20758	-0,12117	-0,15696	-0,17058	-0,32028	-0,29771	-0,26104	-0,32528	-0,32275	-0,39711	-0,25447
2023-04-05	-0,20877	-0,19428	-0,0768	-0,1039	-0,13982	-0,26759	-0,26586	-0,25797	-0,30553	-0,28686	-0,36981	-0,2252
2023-04-06	-0,16278	-0,14136	-0,06178	-0,07931	-0,0894	-0,2687	-0,27091	-0,25427	-0,31628	-0,29908	-0,34704	-0,20826
2023-04-10	-0,18871	-0,14517	-0,07115	-0,095	-0,10242	-0,2605	-0,24813	-0,24211	-0,30583	-0,25719	-0,36719	-0,20758
2023-04-11	-0,13458	-0,10825	-0,02235	-0,04456	-0,06153	-0,25771	-0,22653	-0,22315	-0,30317	-0,25037	-0,34545	-0,17979
2023-04-12	-0,17171	-0,15428	-0,06696	-0,09747	-0,09737	-0,28786	-0,25587	-0,24936	-0,33054	-0,2767	-0,36364	-0,2138
2023-04-13	-0,21197	-0,2026	-0,12229	-0,14384	-0,13238	-0,33679	-0,29995	-0,30961	-0,3607	-0,32707	-0,36515	-0,25567
2023-04-14	-0,22707	-0,21222	-0,12489	-0,16088	-0,14277	-0,37169	-0,33392	-0,3382	-0,38771	-0,37292	-0,36515	-0,27613
2023-04-17	-0,24251	-0,22738	-0,14238	-0,18403	-0,16496	-0,37396	-0,33817	-0,34384	-0,39358	-0,38591	-0,3803	-0,28882
2023-04-18	-0,25305	-0,22873	-0,15895	-0,19769	-0,18468	-0,39113	-0,35341	-0,36253	-0,40775	-0,39969	-0,39853	-0,30329
2023-04-19	-0,22781	-0,19101	-0,11817	-0,19886	-0,21336	-0,39839	-0,37334	-0,36287	-0,40613	-0,39774	-0,37529	-0,29663
2023-04-20	-0,24659	-0,20714	-0,14976	-0,22719	-0,24765	-0,43183	-0,40522	-0,38253	-0,43669	-0,42788	-0,3868	-0,32266
2023-04-21	-0,25055	-0,22239	-0,15172	-0,23694	-0,24522	-0,42574	-0,39094	-0,37871	-0,43329	-0,41889	-0,39147	-0,32235
2023-04-24	-0,23547	-0,19895	-0,13009	-0,21967	-0,21406	-0,42109	-0,38625	-0,37065	-0,42565	-0,41407	-0,35873	-0,30679
2023-04-25	-0,22641	-0,17266	-0,18632	-0,23384	-0,22145	-0,46147	-0,42743	-0,41424	-0,40165	-0,4793	-0,3629	-0,32615
2023-04-26	-0,27568	-0,23034	-0,22528	-0,27132	-0,23761	-0,51397	-0,47701	-0,49946	-0,43359	-0,52611	-0,39455	-0,37136
2023-04-27	-0,26667	-0,22449	-0,2385	-0,28504	-0,25933	-0,5458	-0,50825	-0,53913	-0,44955	-0,55272	-0,42471	-0,39038
2023-04-28	-0,27202	-0,23123	-0,23737	-0,28186	-0,2867	-0,56596	-0,54349	-0,56307	-0,44167	-0,57383	-0,41699	-0,40129
2023-05-01	-0,2767	-0,24954	-0,23332	-0,27332	-0,27754	-0,51181	-0,48529	-0,50497	-0,41789	-0,52109	-0,41699	-0,37895
2023-05-02	-0,31822	-0,29208	-0,28134	-0,31429	-0,32413	-0,58072	-0,55493	-0,49823	-0,47066	-0,52933	-0,42688	-0,41735
2023-05-03	-0,33073	-0,30522	-0,32312	-0,36015	-0,35739	-0,5814	-0,55469	-0,49526	-0,46325	-0,51368	-0,42	-0,42772
2023-05-04	-0,36461	-0,33955	-0,3511	-0,376	-0,3786	-0,57934	-0,5534	-0,49586	-0,4303	-0,52612	-0,42913	-0,43855
2023-05-05	-0,34067	-0,32343	-0,33532	-0,35122	-0,35609	-0,55789	-0,53153	-0,476	-0,40365	-0,48565	-0,42597	-0,41704
2023-05-08	-0,33349	-0,33383	-0,34468	-0,35886	-0,36446	-0,52567	-0,50336	-0,43544	-0,38425	-0,46739	-0,42369	-0,40683
2023-05-09	-0,28522	-0,27102	-0,30044	-0,31754	-0,32859	-0,52168	-0,50844	-0,39938	-0,35961	-0,43625	-0,43567	-0,37853
2023-05-10	-0,27281	-0,25251	-0,28218	-0,32521	-0,30757	-0,52498	-0,53848	-0,40802	-0,37923	-0,45331	-0,43858	-0,38026
2023-05-11	-0,32882	-0,30065	-0,31703	-0,35794	-0,35722	-0,55513	-0,55797	-0,41574	-0,38769	-0,45896	-0,44847	-0,40778
2023-05-12	-0,34037	-0,3102	-0,35047	-0,39897	-0,38731	-0,56562	-0,56767	-0,42396	-0,3998	-0,46296	-0,46414	-0,42468
2023-05-15	-0,35695	-0,32697	-0,3681	-0,40988	-0,3974	-0,55148	-0,55404	-0,40593	-0,40594	-0,4484	-0,48063	-0,42779
2023-05-16	-0,37889	-0,34573	-0,3803	-0,39895	-0,40161	-0,57492	-0,53783	-0,39271	-0,40693	-0,42958	-0,48662	-0,43037
2023-05-17	-0,35197	-0,3181	-0,34924	-0,3473	-0,35307	-0,55238	-0,51964	-0,35433	-0,3798	-0,38244	-0,47131	-0,39814
2023-05-18	-0,34513	-0,31161	-0,31025	-0,31273	-0,30703	-0,47674	-0,45463	-0,32514	-0,35992	-0,35541	-0,47382	-0,36658
2023-05-19	-0,36218	-0,33386	-0,33248	-0,34225	-0,30945	-0,44315	-0,4113	-0,35229	-0,38968	-0,3844	-0,4803	-0,37649
2023-05-22	-0,36243	-0,33319	-0,317	-0,31217	-0,27417	-0,43874	-0,40784	-0,35704	-0,38996	-0,37186	-0,47273	-0,36701
2023-05-23	-0,33947	-0,33414	-0,29946	-0,30163	-0,28225	-0,43349	-0,40313	-0,35698	-0,40715	-0,38328	-0,46745	-0,3644
2023-05-24	-0,33923	-0,32634	-0,28813	-0,30812	-0,27793	-0,42598	-0,39588	-0,36684	-0,39794	-0,38806	-0,46327	-0,36161
2023-05-25	-0,36499	-0,35006	-0,3099	-0,32995	-0,31344	-0,45318	-0,42323	-0,40297	-0,41746	-0,42502	-0,48247	-0,38842
2023-05-26	-0,37731	-0,36291	-0,30863	-0,31695	-0,2964	-0,44055	-0,41057	-0,41061	-0,42736	-0,42872	-0,48247	-0,3875
2023-05-30	-0,39588	-0,40346	-0,36494	-0,36553	-0,34446	-0,45413	-0,43237	-0,43546	-0,46559	-0,45223	-0,48247	-0,41787
2023-05-31	-0,40453	-0,42659	-0,38297	-0,377	-0,36311	-0,4638	-0,4344	-0,44335	-0,48449	-0,4519	-0,49511	-0,42975
2023-06-01	-0,3919	-0,39296	-0,37809	-0,4201	-0,39823	-0,47989	-0,45139	-0,45052	-0,4944	-0,44953	-0,50527	-0,43748
2023-06-02	-0,38604	-0,37807	-0,38541	-0,42565	-0,40333	-0,47569	-0,45279	-0,45504	-0,49113	-0,45237	-0,51095	-0,43786
2023-06-05	-0,39363	-0,39044	-0,39787	-0,43762	-0,41061	-0,48342	-0,46246	-0,46222	-0,49658	-0,45785	-0,51875	-0,44649
2023-06-06	-0,39439	-0,39019	-0,38243	-0,42425	-0,37208	-0,48923	-0,46827	-0,47204	-0,51515	-0,46098	-0,51077	-0,44362
2023-06-07	-0,39339	-0,39436	-0,34223	-0,39268	-0,31211	-0,4686	-0,45149	-0,45778	-0,48212	-0,4349	-0,50565	-0,42139
2023-06-08	-0,41545	-0,41269	-0,36291	-0,41651	-0,36112	-0,4742	-0,45643	-0,4617	-0,48277	-0,44069	-0,51613	-0,43642
2023-06-09	-0,42265	-0,41823	-0,35223	-0,4138	-0,37366	-0,49464	-0,47265	-0,47871	-0,48997	-0,46641	-0,52771	-0,44643
2023-06-12	-0,44438	-0,4366	-0,36243	-0,43377	-0,38371	-0,49861	-0,47672	-0,48487	-0,49592	-0,47963	-0,55265	-0,45903
2023-06-13	-0,42615	-0,42199	-0,32866	-0,40417	-0,3493	-0,46629	-0,44631	-0,45546	-0,4405	-0,44766	-0,55008	-0,4306
2023-06-14	-0,42634	-0,42222	-0,34946	-0,39634	-0,35322	-0,48483	-0,46641	-0,47214	-0,45375	-0,47941	-0,53085	-0,43954
2023-06-15	-0,3877	-0,39381	-0,31204	-0,36861	-0,31025	-0,47323	-0,45578	-0,46166	-0,44857	-0,46863	-0,53985	-0,42001
2023-06-16	-0,38916	-0,38973	-0,30862	-0,36249	-0,33261	-0,46532	-0,4456	-0,45052	-0,43989	-0,46239	-0,52597	-0,41566
2023-06-19	-0,34456	-0,36177	-0,29475	-0,351	-0,31981	-0,44079	-0,42275	-0,4269	-0,40559	-0,438	-0,50559	-0,39196
2023-06-20	-0,3525	-0,35907	-0,31533	-0,37545	-0,3267	-0,45724	-0,43874	-0,44644	-0,4291	-0,46223	-0,50731	-0,40637
2023-06-21	-0,34338	-0,35094	-0,33488	-0,34869	-0,32498	-0,43569	-0,41734	-0,42713	-0,40815	-0,43183	-0,51778	-0,39462
2023-06-22	-0,34833	-0,36014	-0,34553	-0,38856	-0,3572	-0,45503	-0,4354	-0,43688	-0,42121	-0,45229	-0,5346	-0,41229
2023-06-23	-0,34837	-0,35755	-0,34776	-0,3912	-0,33051	-0,46239	-0,43854	-0,45025	-0,42861	-0,45671	-0,52218	-0,41219
2023-06-26	-0,36655	-0,37065	-0,36435	-0,40935	-0,33229	-0,45833	-0,4322	-0,44509	-0,43179	-0,47026	-0,5307	-0,41923
2023-06-27	-0,39268	-0,39945	-0,35854	-0,41022	-0,33065	-0,45237	-0,42854	-0,44341	-0,41518	-0,46552	-0,53884	-0,4214
2023-06-28	-0,38818	-0,39743	-0,35152	-0,41656	-0,3151	-0,44298	-0,42053	-0,44645	-0,40815	-0,45446	-0,55637	-0,41798
2023-06-29	-0,37438	-0,38858	-0,32363	-0,4	-0,27353	-0,41482	-0,39285	-0,41795	-0,3666	-0,42769	-0,55637	-0,39422
2023-06-30	-0,34428	-0,37794	-0,28948	-0,36166	-0,23024	-0,38947	-0,36753	-0,39299	-0,34429	-0,40155	-0,55801	-0,36886
2023-07-03	-0,368	-0,37488	-0,35703	-0,37834	-0,26987	-0,41157	-0,39965	-0,41254	-0,37106	-0,41598	-0,57108	-0,39364
2023-07-04	-0,368	-0,37414	-0,35703	-0,37834	-0,26987	-0,41157	-0,39965	-0,41254	-0,37106	-0,41598	-0,57108	-0,39357
2023-07-05	-0,29316	-0,30546	-0,2626	-0,29272	-0,15131	-0,31788	-0,31073	-0,31828	-0,27772	-0,32161	-0,54701	-0,30895
2023-07-06	-0,28462	-0,29316	-0,24344	-0,25825	-0,11159	-0,28947	-0,28718	-0,29079	-0,24539	-0,28712	-0,52838	-0,28358
2023-07-07	-0,29354	-0,30538	-0,27384	-0,28468	-0,12478	-0,32735	-0,31655	-0,32181	-0,27535	-0,32229	-0,51646	-0,30564
2023-07-10	-0,31588	-0,31698	-0,2856	-0,28235	-0,12802	-0,33268	-0,31908	-0,32756	-0,27718	-0,32719	-0,5059	-0,31077
2023-07-11	-0,29428	-0,30744	-0,27038	-0,26787	-0,1975	-0,34142	-0,32701	-0,33704	-0,28409	-0,33629	-0,47479	-0,31256
2023-07-12	-0,22438	-0,24893	-0,21886	-0,19343	-0,06671	-0,31118	-0,29869	-0,30983	-0,25456	-0,31126	-0,45993	-0,26343
2023-07-13	-0,21922	-0,2413	-0,21809	-0,18253	-0,07633	-0,31987	-0,30422	-0,31026	-0,25407	-0,32552	-0,44912	-0,26368
2023-07-14	-0,22855	-0,2584	-0,23895	-0,1845	-0,11111	-0,32636	-0,30855	-0,31485	-0,25506	-0,32363	-0,44775	-0,27252
2023-07-17	-0,25525	-0,30697	-0,24422	-0,1686	-0,1364	-0,34263	-0,32357	-0,32675	-0,27017	-0,32722	-0,45603	-0,28707
2023-07-18	-0,27489	-0,32174	-0,23762	-0,1654	-0,14708	-0,31904	-0,30057	-0,30331	-0,25539	-0,3039	-0,42086	-0,27725
2023-07-19	-0,28948	-0,3095	-0,23877	-0,15745	-0,13421	-0,30042	-0,28159	-0,28928	-0,24697	-0,2894	-0,39705	-0,26674
2023-07-20	-0,27573	-0,31279	-0,2187	-0,13382	-0,12144	-0,29557	-0,26716	-0,2739	-0,23316	-0,27115	-0,42443	-0,25708
2023-07-21	-0,21719	-0,28145	-0,14339	-0,08983	-0,07229	-0,26852	-0,24219	-0,24845	-0,21189	-0,24445	-0,41071	-0,22094
2023-07-24	-0,19343	-0,22703	-0,14047	-0,02543	-0,05286	-0,2438	-0,21321	-0,22136	-0,19014	-0,22376	-0,41071	-0,19475
2023-07-25	-0,20104	-0,22886	-0,18079	-0,08895	-0,08395	-0,2441	-0,21303	-0,22082	-0,1452	-0,22136	-0,41652	-0,20406
2023-07-26	-0,19061	-0,2268	-0,16	-0,10061	-0,06358	-0,24027	-0,2093	-0,21538	-0,14266	-0,22352	-0,40337	-0,19783
2023-07-27	-0,19854	-0,2313	-0,19114	-0,12157	-0,04432	-0,25514	-0,22522	-0,22912	-0,11258	-0,2357	-0,38062	-0,2023
2023-07-28	-0,18727	-0,22967	-0,19803	-0,15456	-0,00702	-0,23258	-0,20119	-0,21595	-0,09063	-0,19966	-0,3638	-0,18912
2023-07-31	-0,19258	-0,23576	-0,14804	-0,09691	-0,02085	-0,20102	-0,16967	-0,1809	-0,0477	-0,15932	-0,37294	-0,16597
2023-08-01	-0,15757	-0,19559	-0,14023	0,02098	-0,01268	-0,16662	-0,13362	-0,12618	-0,00725	-0,10601	-0,3447	-0,1245
2023-08-02	-0,18159	-0,21125	-0,13908	-0,02606	-0,04082	-0,14679	-0,12086	-0,11502	0,00585	-0,10031	-0,36842	-0,1313
2023-08-03	-0,12536	-0,15351	-0,1232	0,00215	0,00227	-0,12132	-0,10261	-0,10229	0,01766	-0,07962	-0,33998	-0,10235
2023-08-04	-0,09344	-0,10828	-0,08199	0,07073	0,07879	-0,0971	-0,07854	-0,07602	0,0399	-0,0542	-0,32779	-0,06618
2023-08-07	-0,10712	-0,13797	-0,09132	0,08069	0,04653	-0,06851	-0,05179	-0,0591	0,09242	-0,03167	-0,31028	-0,05801
2023-08-08	-0,11313	-0,14943	-0,09065	0,06888	0,03813	-0,05137	-0,03117	-0,03252	0,09693	-0,00748	-0,31191	-0,05307
2023-08-09	-0,09476	-0,13968	-0,08374	0,065	0,0161	-0,05599	-0,03658	-0,03731	0,0894	-0,00487	-0,31879	-0,05466
2023-08-10	-0,12537	-0,16771	-0,05931	0,02649	-0,00956	-0,07294	-0,07376	-0,07748	0,0602	-0,06411	-0,3383	-0,08199
2023-08-11	-0,14275	-0,17968	-0,04739	0,04655	0,01827	-0,10238	-0,1062	-0,10952	-0,03914	-0,09122	-0,36248	-0,10145
2023-08-14	-0,1303	-0,15718	-0,05229	0,05467	-0,00339	-0,12034	-0,12301	-0,12797	-0,01842	-0,09942	-0,39505	-0,10661
2023-08-15	-0,12121	-0,12183	-0,04253	0,05231	0,00443	-0,13275	-0,12301	-0,12577	-0,01522	-0,09657	-0,42218	-0,10403
2023-08-16	-0,11016	-0,11399	-0,02615	0,07214	0,02241	-0,14186	-0,1313	-0,13273	-0,02445	-0,10246	-0,41484	-0,10031
2023-08-17	-0,11469	-0,12323	-0,05043	0,0631	0,0426	-0,15259	-0,14381	-0,14326	-0,02294	-0,10606	-0,41823	-0,10632
2023-08-18	-0,12822	-0,10825	-0,0613	0,02447	0,00061	-0,13903	-0,13564	-0,1316	-0,06945	-0,07752	-0,42623	-0,11383
2023-08-21	-0,13725	-0,11415	-0,06209	0,00071	0,00372	-0,16411	-0,14909	-0,15836	-0,09411	-0,09719	-0,4181	-0,12637
2023-08-22	-0,14098	-0,10898	-0,02568	0,11364	0,04767	-0,17626	-0,16622	-0,16293	-0,10591	-0,12439	-0,41364	-0,11488
2023-08-23	-0,18194	-0,1563	-0,04327	0,098	0,02927	-0,19831	-0,18429	-0,18561	-0,12255	-0,1511	-0,42119	-0,13793
2023-08-24	-0,1675	-0,15821	-0,00808	0,06278	0,16919	-0,22885	-0,21759	-0,21649	-0,10853	-0,19092	-0,40622	-0,13367
2023-08-25	-0,13779	-0,13551	0,0285	0,00654	0,20766	-0,16848	-0,1608	-0,18124	-0,03364	-0,13628	-0,40791	-0,10172
2023-08-28	-0,13863	-0,15534	-0,01148	-0,02994	0,10964	-0,21318	-0,20574	-0,2191	-0,05719	-0,18066	-0,39193	-0,13578
2023-08-29	-0,16694	-0,14595	-0,02095	-0,06093	0,1072	-0,18834	-0,18082	-0,19136	-0,0348	-0,15366	-0,40495	-0,13104
2023-08-30	-0,11338	-0,12805	0,0559	0,02577	0,16908	-0,19978	-0,18968	-0,20137	-0,04799	-0,16634	-0,36465	-0,1055
2023-08-31	-0,07259	-0,09591	0,08468	0,08453	0,11336	-0,15695	-0,14911	-0,16253	0,00683	-0,12157	-0,36712	-0,07604
2023-09-01	-0,01803	-0,0245	0,03762	0,13581	0,08708	-0,13891	-0,1337	-0,05911	0,01872	-0,08807	-0,33302	-0,04692
2023-09-04	-0,02028	-0,02868	0,00915	0,08959	-0,01341	-0,15796	-0,1519	-0,14357	-0,00137	-0,11091	-0,33487	-0,07856
2023-09-05	-0,0063	-0,03152	0,09299	0,08959	-0,01633	-0,11631	-0,11317	-0,1157	0,02875	-0,07961	-0,32196	-0,0536
2023-09-06	0,00229	0,00394	0,10486	0,10724	-0,0498	-0,11186	-0,1089	-0,1156	0,02985	-0,09437	-0,3303	-0,05115
2023-09-07	0,05297	0,04987	0,12432	0,14973	-0,0104	-0,10123	-0,09631	-0,10374	0,04185	-0,088	-0,30312	-0,02582
2023-09-08	0,04129	0,04387	0,12892	0,15063	-0,0207	-0,0729	-0,06921	-0,07388	0,06867	-0,0686	-0,27308	-0,01318
2023-09-11	0,00034	0,00316	0,11789	0,15979	-0,01248	-0,06374	-0,05938	-0,063	0,07316	-0,06091	-0,27168	-0,01608
2023-09-12	0,00782	0,00139	0,10894	0,12844	-0,00112	-0,08052	-0,07809	-0,08129	0,05844	-0,07959	-0,24928	-0,02408
2023-09-13	0,00854	0,01086	0,1085	0,14618	0,06111	-0,0375	-0,04083	-0,03435	0,10994	-0,02644	-0,27658	0,00268
2023-09-14	0,01406	0,02553	0,09287	0,12025	0,07365	0,02436	0,02401	0,02226	0,17507	0,03943	-0,27793	0,03032
2023-09-15	0,05961	0,07023	0,12346	0,14666	0,26555	0,04901	0,04488	0,0521	0,19711	0,0593	-0,257	0,07372
2023-09-18	0,06895	0,07291	0,14079	0,12275	0,26433	0,03159	0,03413	0,03567	0,18493	0,03841	-0,25415	0,0673
2023-09-19	0,05815	0,0747	0,09715	0,09977	0,06435	0,03792	0,03046	0,02495	0,1481	0,02651	-0,27219	0,03544
2023-09-20	0,05325	0,05512	0,10632	0,11189	0,00359	-0,00753	-0,0154	-0,00212	0,08608	0,00721	-0,28557	0,01026
2023-09-21	0,07412	0,04273	0,1076	0,0968	-0,1266	0,01995	0,0123	0,0332	0,09684	0,00187	-0,2715	0,00794
2023-09-22	0,07117	0,03971	0,06785	0,03521	-0,06127	-0,00805	-0,02255	0,00241	0,08739	-0,03077	-0,27749	-0,00876
2023-09-25	0,13418	0,11532	0,09023	0,07021	-0,00286	0,01333	-0,00368	0,00559	0,14423	-0,01253	-0,23729	0,02879
2023-09-26	0,18479	0,14428	0,17287	0,09463	-0,19098	0,05059	0,02762	0,03149	0,11644	0	-0,21729	0,03767
2023-09-27	0,18705	0,12946	0,0729	0,04472	-0,08388	0,03378	0,01286	0,01142	0,11222	-0,03514	-0,17442	0,02827
2023-09-28	0,10943	0,07917	0,02337	-0,01985	-0,1232	-0,02046	-0,03754	-0,03837	0,07944	-0,08655	-0,19817	-0,02116
2023-09-29	0,10993	0,07214	0,01429	-0,02978	-0,19046	-0,00155	-0,0196	-0,03147	0,03762	-0,15725	-0,21518	-0,03739
2023-10-02	0,11138	0,02598	0,00632	-0,02519	-0,29362	-0,02438	-0,03127	-0,05546	0,01882	-0,1485	-0,16879	-0,05315
2023-10-03	0,06199	0,04169	-0,06448	-0,07919	-0,4062	-0,06044	-0,07222	-0,05889	-0,02003	-0,10355	-0,15349	-0,08317
2023-10-04	-0,02935	-0,04171	-0,16263	-0,17604	-0,46337	-0,14871	-0,15738	-0,17182	-0,11004	-0,18634	-0,2032	-0,16824
2023-10-05	-0,0671	-0,06433	-0,19048	-0,20465	-0,45041	-0,24833	-0,25388	-0,2438	-0,21552	-0,27053	-0,24617	-0,2232
2023-10-06	-0,06828	-0,08144	-0,20113	-0,21135	-0,44883	-0,27506	-0,2778	-0,26381	-0,25836	-0,29424	-0,26486	-0,24047
2023-10-09	-0,11002	-0,07595	-0,21644	-0,2312	-0,23035	-0,29966	-0,31774	-0,29548	-0,27781	-0,3167	-0,24259	-0,23763
2023-10-10	-0,06234	-0,0662	-0,16867	-0,22723	-0,17337	-0,26647	-0,29217	-0,27139	-0,27607	-0,27138	-0,23719	-0,21022
2023-10-11	-0,06741	-0,07975	-0,12422	-0,15937	-0,08784	-0,27471	-0,29034	-0,25434	-0,25368	-0,21423	-0,1875	-0,18122
2023-10-12	-0,05647	-0,05394	-0,15197	-0,18298	-0,11777	-0,26189	-0,27621	-0,23748	-0,26868	-0,21336	-0,17857	-0,18176
2023-10-13	-0,02143	-0,00872	-0,13188	-0,20669	-0,11149	-0,28697	-0,29174	-0,24232	-0,26775	-0,19554	-0,18605	-0,17733
2023-10-16	0,00639	-0,01334	-0,13577	-0,18779	-0,08498	-0,31078	-0,32193	-0,24059	-0,08503	-0,1722	-0,16917	-0,15593
2023-10-17	0,00767	0,01626	-0,10077	-0,17012	0,03571	-0,32472	-0,33505	-0,24982	-0,1091	-0,18378	-0,2193	-0,14846
2023-10-18	0,06075	0,02828	-0,10105	-0,10847	0,07769	-0,31804	-0,32467	-0,22899	-0,0904	-0,18522	-0,15898	-0,12265
2023-10-19	0,03895	0,01949	-0,12589	-0,11103	-0,01603	-0,28669	-0,19419	-0,1829	-0,02191	-0,14734	-0,20977	-0,11248
2023-10-20	0,03604	0,02404	-0,12788	-0,11531	-0,00114	-0,2488	-0,24825	-0,13047	0,00457	-0,10055	-0,21463	-0,10203
2023-10-23	0,00023	0,00065	-0,14073	-0,12126	-0,08594	-0,2611	-0,26104	-0,14374	-0,03429	-0,14606	-0,21122	-0,12768
2023-10-24	-0,01788	-0,03899	-0,18859	-0,17475	-0,11652	-0,27462	-0,29849	-0,25617	-0,12915	-0,24647	-0,22315	-0,17862
2023-10-25	-0,00989	-0,01765	-0,23827	-0,22772	-0,13619	-0,27745	-0,28924	-0,26392	-0,13012	-0,24628	-0,22588	-0,18751
2023-10-26	-0,06253	-0,04821	-0,2483	-0,29526	-0,12999	-0,36572	-0,31353	-0,29083	-0,15973	-0,28657	-0,25659	-0,22339
2023-10-27	-0,03391	-0,03653	-0,25053	-0,29799	-0,15117	-0,34216	-0,33561	-0,31699	-0,14709	-0,30251	-0,24971	-0,22402
2023-10-30	-0,05487	-0,04131	-0,19892	-0,27372	-0,15827	-0,36476	-0,38624	-0,36565	-0,1861	-0,34616	-0,25659	-0,23933
2023-10-31	-0,05662	-0,06945	-0,21714	-0,25237	-0,15069	-0,32518	-0,37534	-0,3464	-0,17499	-0,31413	-0,24315	-0,22959
2023-11-01	-0,08273	-0,08621	-0,22068	-0,19825	-0,19736	-0,28286	-0,31487	-0,19822	-0,14789	-0,13116	-0,24715	-0,19158
2023-11-02	-0,07795	-0,07338	-0,30882	-0,21097	-0,22041	-0,16882	-0,2208	-0,19627	-0,07276	-0,07891	-0,2622	-0,17194
2023-11-03	-0,07885	-0,08123	-0,36347	-0,22292	-0,21874	-0,37483	-0,35702	-0,26499	-0,13238	-0,21304	-0,24442	-0,23199
2023-11-06	-0,11925	-0,12278	-0,25278	-0,21819	-0,23749	-0,38343	-0,37534	-0,27044	-0,11299	-0,19661	-0,26697	-0,23239
2023-11-07	-0,15076	-0,16461	-0,27255	-0,22806	-0,2161	-0,38064	-0,3845	-0,26475	-0,11457	-0,18585	-0,29688	-0,24175
2023-11-08	-0,14583	-0,15891	-0,27755	-0,22269	-0,27771	-0,39369	-0,39846	-0,28633	-0,09337	-0,19121	-0,30293	-0,24988
2023-11-09	-0,11015	-0,12155	-0,25414	-0,17962	-0,27924	-0,37802	-0,40073	-0,25763	-0,14665	-0,16169	-0,28439	-0,23398
2023-11-10	-0,11766	-0,11236	-0,2477	-0,17446	-0,2773	-0,36048	-0,4108	-0,23392	-0,13809	-0,13792	-0,28	-0,22643
2023-11-13	-0,11532	-0,12743	-0,22961	-0,15385	-0,26217	-0,34648	-0,38945	-0,20753	-0,11507	-0,09916	-0,27419	-0,21093
2023-11-14	-0,08096	-0,10033	-0,20321	-0,16426	-0,17215	-0,33577	-0,36049	-0,20042	-0,11348	-0,08883	-0,28064	-0,19096
2023-11-15	-0,11189	-0,12619	-0,22457	-0,15258	-0,13558	-0,34371	-0,37001	-0,20978	-0,12881	-0,12862	-0,28636	-0,20165
2023-11-16	-0,14156	-0,16067	-0,19236	-0,18003	-0,16737	-0,28033	-0,29945	-0,24355	-0,15754	-0,16182	-0,28817	-0,20662
2023-11-17	-0,0639	-0,10747	-0,14165	-0,12802	-0,05931	-0,23497	-0,2602	-0,21524	-0,12378	-0,16768	-0,25234	-0,1595
2023-11-20	-0,0246	-0,06387	-0,11441	-0,07284	0,02197	-0,20972	-0,2371	-0,18777	-0,09807	-0,14308	-0,22353	-0,123
2023-11-21	-0,01743	-0,06807	-0,1132	-0,04843	0,02011	-0,14116	-0,17682	-0,1463	-0,0675	-0,13536	-0,22857	-0,10207
2023-11-22	-0,04986	-0,07772	-0,12239	-0,12146	0,0258	-0,18362	-0,18796	-0,14641	-0,03486	-0,12554	-0,22155	-0,11323
2023-11-23	-0,0145	-0,05879	-0,09725	-0,14839	0,05988	-0,15522	-0,16044	-0,09777	0,00095	-0,07623	-0,20715	-0,08681
2023-11-24	-0,03978	-0,06741	-0,1176	-0,16371	0,03191	-0,16057	-0,16507	-0,13924	-0,01586	-0,09467	-0,22565	-0,10524
2023-11-27	-0,02603	-0,04688	-0,08813	-0,10462	0,08288	-0,13864	-0,14679	-0,10062	0,00549	-0,06467	-0,21578	-0,07671
2023-11-28	-0,0131	-0,02204	-0,06943	0,018	0,19406	-0,03235	-0,08671	-0,09372	0,1053	-0,02132	-0,18089	-0,01838
2023-11-29	-0,00513	-0,00288	-0,0585	0,02201	0,20282	-0,07782	-0,11292	-0,14168	0,04129	-0,07158	-0,15385	-0,03257
2023-11-30	-0,05989	-0,04544	-0,05981	-0,10441	0,07143	-0,11785	-0,14417	-0,20573	-0,02297	-0,15639	-0,14839	-0,09033
2023-12-01	-0,0908	-0,08762	-0,13553	-0,08447	0,06636	-0,14817	-0,17133	-0,19714	-0,04826	-0,15784	-0,036	-0,09916
2023-12-04	-0,08928	-0,09683	-0,08534	-0,06367	0,10767	-0,11586	-0,13031	-0,18718	-0,01764	-0,1425	0,03546	-0,07141
2023-12-05	-0,06352	-0,07306	-0,07012	-0,04004	0,13447	-0,07244	-0,10404	-0,15805	0,033	-0,10312	0,02758	-0,04449
2023-12-06	-0,07048	-0,06994	-0,07828	-0,07738	0,20579	-0,07033	-0,1023	-0,15699	0,02704	-0,10039	0,00293	-0,04457
2023-12-07	-0,04073	-0,03761	-0,06314	-0,05945	0,27923	-0,03183	-0,06703	-0,1224	0,07397	-0,06071	0,03561	-0,00855
2023-12-08	-0,00603	-0,00105	0,03289	-0,02981	0,19576	-0,06858	-0,07541	-0,17714	0,01012	-0,1318	0,05224	-0,01807
2023-12-11	-0,00141	-0,00812	0,02405	-0,03683	0,19057	-0,03851	-0,04896	-0,14994	0,02306	-0,10278	0,01493	-0,01218
2023-12-12	-0,06428	-0,04987	-0,02059	-0,09315	-0,01913	-0,12045	-0,14782	-0,19885	-0,06343	-0,21259	-0,04493	-0,0941
2023-12-13	-0,08417	-0,07487	-0,03492	-0,10837	-0,03415	-0,14815	-0,17257	-0,2175	-0,09482	-0,23591	-0,05915	-0,11496
2023-12-14	-0,07687	-0,07536	-0,03404	-0,08457	0,05226	-0,18891	-0,20541	-0,24288	-0,18188	-0,22918	-0,06031	-0,12065
2023-12-15	-0,06378	-0,0668	0,00264	-0,03221	-0,00274	-0,18606	-0,20092	-0,23469	-0,17406	-0,2145	-0,03319	-0,10966
2023-12-18	-0,02736	-0,01633	0,00671	0,0448	0,02001	-0,12615	-0,14552	-0,14824	-0,13648	-0,14915	-0,00882	-0,06241
2023-12-19	-0,02425	-0,02253	0,00264	0,02538	-0,02801	-0,0982	-0,11523	-0,11659	-0,05164	-0,09243	0,03058	-0,04457
2023-12-20	-0,027	0,02077	-0,02505	-0,01751	-0,04871	-0,09078	-0,11991	-0,11305	-0,05379	-0,07946	0,05418	-0,04548
2023-12-21	-0,05859	0,00598	-0,05091	-0,04106	-0,07409	-0,12617	-0,15081	-0,16385	-0,1038	-0,1286	0	-0,08108
2023-12-22	-0,05651	0,00817	-0,07067	-0,00862	0,00338	-0,13662	-0,16252	-0,17409	-0,11581	-0,14889	-0,02983	-0,08109
2023-12-26	-0,04688	-0,02693	-0,09781	-0,0408	0,02926	-0,16705	-0,19039	-0,20294	-0,14219	-0,17908	-0,03938	-0,10038
2023-12-27	-0,06469	-0,01795	-0,09968	-0,07644	-0,00989	-0,20646	-0,22189	-0,26667	-0,19068	-0,25502	-0,02429	-0,13033
2023-12-28	-0,08708	-0,03256	-0,1152	-0,10785	-0,00834	-0,22219	-0,2364	-0,27618	-0,18881	-0,27902	-0,01849	-0,14292
2023-12-29	-0,08339	-0,04039	-0,12732	-0,14202	-0,04673	-0,22413	-0,23948	-0,28905	-0,21952	-0,29508	0,00866	-0,15441
2024-01-02	-0,11901	-0,07945	-0,15361	-0,20334	-0,11775	-0,21196	-0,22753	-0,29246	-0,21705	-0,30003	-0,03203	-0,17766
2024-01-03	-0,05074	-0,03957	-0,1027	-0,122	-0,04202	-0,15174	-0,17445	-0,2161	-0,13433	-0,21629	-0,09505	-0,12227
2024-01-04	-0,00604	0,00637	-0,07522	-0,10821	0,00205	-0,12949	-0,15198	-0,1715	-0,14482	-0,2102	-0,0664	-0,09595
2024-01-05	0,0053	0,02059	-0,07734	-0,08125	-0,06016	-0,11617	-0,14173	-0,15943	-0,10219	-0,2022	-0,05149	-0,08783
2024-01-08	-0,03674	-0,0123	-0,10285	-0,12919	-0,09454	-0,14074	-0,16109	-0,17661	-0,16855	-0,22501	-0,04808	-0,11779
2024-01-09	-0,03026	0,00606	-0,09822	-0,11568	-0,13444	-0,12534	-0,13919	-0,16918	-0,12231	-0,25382	-0,0239	-0,10966
2024-01-10	-0,04713	0,00077	-0,11643	-0,11283	-0,12732	-0,16064	-0,17496	-0,20683	-0,16223	-0,22836	0,00259	-0,12122
2024-01-11	-0,06855	-0,0111	-0,13585	-0,14025	-0,1362	-0,15623	-0,17426	-0,19396	-0,14675	-0,24028	-0,02023	-0,12942
2024-01-12	-0,06869	-0,03269	-0,14308	-0,1451	-0,16318	-0,16956	-0,18456	-0,2023	-0,17057	-0,25892	0,00246	-0,13965
2024-01-15	-0,08711	-0,04399	-0,16844	-0,18066	-0,18545	-0,18037	-0,19464	-0,20502	-0,17218	-0,31988	-0,00488	-0,15842
2024-01-16	-0,09099	-0,03025	-0,16995	-0,18028	-0,19092	-0,19054	-0,20337	-0,21867	-0,18904	-0,32434	0,01954	-0,1608
2024-01-17	-0,09296	-0,06518	-0,17435	-0,18074	-0,17191	-0,18863	-0,20066	-0,21681	-0,19489	-0,2753	0,00698	-0,1595
2024-01-18	-0,06551	-0,0327	-0,14639	-0,16783	-0,13611	-0,17415	-0,18479	-0,19963	-0,22447	-0,27375	0,05293	-0,14113
2024-01-19	-0,08243	-0,05136	-0,17031	-0,19656	-0,17618	-0,20507	-0,22157	-0,23091	-0,26012	-0,28726	0,01667	-0,16956
2024-01-22	-0,07395	-0,06049	-0,15776	-0,19401	-0,21342	-0,21476	-0,23259	-0,24093	-0,27139	-0,33759	-0,00557	-0,18204
2024-01-23	-0,08454	-0,06283	-0,18172	-0,21488	-0,21081	-0,24062	-0,25118	-0,2469	-0,30163	-0,31649	-0,02215	-0,19398
2024-01-24	-0,05485	-0,03636	-0,16079	-0,20884	-0,21675	-0,21863	-0,23061	-0,22695	-0,27864	-0,30335	-0,00442	-0,17638
2024-01-25	-0,02344	-0,03232	-0,1263	-0,15983	-0,01904	-0,14782	-0,17083	-0,20036	-0,18884	-0,28846	-0,02753	-0,12589
2024-01-26	-0,02716	-0,03419	-0,12761	-0,14791	-0,03318	-0,14054	-0,1624	-0,18713	-0,20494	-0,31137	-0,09062	-0,13337
2024-01-29	-0,0311	-0,01605	-0,1367	-0,13676	-0,07351	-0,10179	-0,13231	-0,16287	-0,18113	-0,26452	-0,04324	-0,11636
2024-01-30	0,00423	-0,00895	-0,09981	-0,09968	-0,08522	-0,0657	-0,1001	-0,13107	-0,15321	-0,2416	-0,01326	-0,0904
2024-01-31	-0,03382	-0,00527	-0,15252	-0,14681	-0,09289	-0,098	-0,12665	-0,14335	-0,17576	-0,21443	0,05056	-0,10354
2024-02-01	-0,02594	0,00723	-0,13008	-0,12072	-0,10317	-0,05968	-0,09061	-0,0867	-0,1445	-0,10624	0,10782	-0,06842
2024-02-02	-0,04152	-0,01278	-0,15074	-0,14177	-0,13938	-0,06309	-0,0898	-0,08833	-0,14037	-0,06066	0,15006	-0,07076
2024-02-05	-0,00259	0,00571	-0,08913	-0,05673	-0,04535	0,01179	-0,02774	-0,02055	-0,08071	0,02406	0,16236	-0,01081
2024-02-06	-0,00378	-0,00025	-0,10599	-0,06205	-0,06166	0,02328	-0,01679	-0,0107	-0,04067	-0,01004	0,15645	-0,01202
2024-02-07	-0,03771	-0,02098	-0,11111	-0,10357	-0,08838	0,00291	-0,03988	-0,02888	-0,05425	-0,04342	0,11098	-0,03766
2024-02-08	-0,02294	-0,01378	-0,09304	-0,06579	-0,09885	0,03554	-0,00619	0,00706	-0,00839	-0,02426	0,06213	-0,02077
2024-02-09	-0,00999	0,00144	-0,08724	-0,06035	-0,07698	0,08765	0,04699	0,05904	-0,00265	0,02391	0,08558	0,00613
2024-02-12	-0,0301	-0,01849	-0,09312	-0,06929	-0,0854	0,06557	0,01705	0,03861	-0,01984	0,02289	0,06829	-0,00944
2024-02-13	-0,02321	-0,01465	-0,09077	-0,05255	-0,0833	0,04709	0	0,00356	-0,01063	-0,00641	0,10382	-0,01155
2024-02-14	-0,02516	-0,00647	-0,10712	-0,07908	-0,12057	0,0022	-0,04082	-0,03588	-0,02989	-0,04995	0,13133	-0,03286
2024-02-15	-0,00127	0,00262	-0,11323	-0,07546	-0,13667	0,03361	-0,01092	-0,00469	-0,04631	0,00706	0,15917	-0,01692
2024-02-16	0,0153	0,0124	-0,06491	-0,0428	-0,11527	0,0578	0,01299	0,00258	-0,04953	0,03006	0,15	0,00078
2024-02-19	0,04377	0,04331	-0,05967	-0,03731	-0,1126	0,07957	0,03351	0,02022	-0,02439	0,06533	0,15	0,01834
2024-02-20	0,03158	0,02404	-0,07409	-0,05207	-0,12466	0,05265	0,00295	-0,00824	-0,0505	0,03542	0,12561	-0,00339
2024-02-21	0,03422	0,03202	-0,0513	-0,04853	-0,15187	0,01896	-0,02739	-0,03883	-0,06583	0,02462	0,07778	-0,01783
2024-02-22	0,07694	0,07907	-0,02196	0,02888	-0,11504	0,07655	0,02086	0,02879	-0,02489	-0,03022	0,07797	0,0179
2024-02-23	0,03109	0,02558	-0,05472	0,06264	-0,16383	0,04415	-0,00703	-0,02725	-0,04928	-0,06869	0,07778	-0,01178
2024-02-26	0,03071	0,02065	-0,03384	0,08353	-0,16689	0,04046	-0,015	-0,04072	-0,01521	-0,10653	0,06098	-0,0129
2024-02-27	0,05597	0,03151	-0,02741	0,08778	-0,17323	0,02178	-0,02672	-0,05506	-0,03193	-0,14532	0,04578	-0,01971
2024-02-28	0,0333	0,01046	-0,0616	0,07034	-0,21292	-0,02578	-0,06139	-0,08423	-0,05729	-0,148	-0,00698	-0,04946
2024-02-29	0,02127	0,01064	-0,0704	-0,01777	-0,19994	-0,03245	-0,06874	-0,08507	-0,07054	-0,15385	-0,03616	-0,06391
2024-03-01	0,03652	0,00796	-0,06672	0,00364	-0,10754	-0,01298	-0,05216	-0,06381	-0,05449	-0,10374	-0,06459	-0,04345
2024-03-04	0,00063	0,0098	-0,09619	-0,02864	-0,12417	-0,04964	-0,08493	-0,10157	-0,08165	-0,14563	-0,11209	-0,07401
2024-03-05	-0,01592	-0,00047	-0,10023	-0,05655	-0,1402	-0,06723	-0,0977	-0,11092	-0,09401	-0,14271	-0,10989	-0,08507
2024-03-06	0,03396	0,04288	-0,07471	-0,05399	-0,10056	-0,01213	-0,04592	-0,05705	-0,06484	-0,08722	-0,07386	-0,04486
2024-03-07	0,04245	0,03386	-0,06756	-0,06226	-0,06207	0,01421	-0,01846	-0,02342	-0,02064	-0,06536	-0,0875	-0,02879
2024-03-08	0,04444	0,04062	-0,04742	-0,06771	-0,0059	0,0287	-0,01302	-0,02477	-0,0238	-0,06339	-0,0534	-0,01688
2024-03-11	0,03031	0,01385	-0,03713	-0,00706	0,00509	-0,00764	-0,04515	-0,06684	-0,05489	-0,06839	-0,07975	-0,02887
2024-03-12	0,05129	0,05008	-0,01706	0,02114	0,05501	-0,02143	-0,05528	-0,08192	-0,06519	-0,07248	-0,05912	-0,01772
2024-03-13	0,13332	0,09353	0,0298	0,05288	0,09633	0,02022	-0,02528	-0,03614	-0,02151	0	0,01323	0,0324
2024-03-14	0,21935	0,15962	0,08548	0,0951	0,16141	0,07163	0,02035	0,01348	0,04036	0,03915	0,06916	0,08864
2024-03-15	0,20235	0,16781	0,07885	0,05475	0,17308	0,06455	0,01152	0,01959	0,0533	0,03468	0,10098	0,08741
2024-03-18	0,25627	0,21737	0,08649	0,0644	0,18668	0,07036	0,03274	0,03954	0,06145	0,0872	0,15827	0,11462
2024-03-19	0,24911	0,2063	0,07634	0,04769	0,22985	0,05957	0,01774	0,03228	0,0659	0,06968	0,16785	0,11112
2024-03-20	0,19294	0,14696	0,03647	0,07546	0,2345	0,02917	-0,01069	-0,00153	0,03647	0,04157	0,10914	0,08095
2024-03-21	0,15952	0,11619	0,01861	0,04444	0,1753	0,00978	-0,02714	-0,0186	0,08634	0,04029	0,09799	0,06389
2024-03-22	0,16239	0,14211	0,01972	0,02228	0,17079	0,02518	-0,0101	0	0,09971	0,04239	0,1084	0,07117
2024-03-25	0,19055	0,17045	0,01268	0,00977	0,16267	0,02362	-0,01401	-0,00763	0,08022	0,02176	0,10226	0,06839
2024-03-26	0,13092	0,11862	-0,04598	-0,04537	0,13413	-0,02999	-0,0595	-0,05793	0,06648	-0,0719	0,05747	0,01791
2024-03-27	0,1235	0,088	-0,05032	-0,05041	0,12307	-0,03695	-0,06606	-0,08855	0,05824	-0,06345	0,05236	0,00813
2024-03-28	0,15093	0,11173	0,0035	-0,01342	0,14109	0,02144	-0,01213	-0,04363	0,11102	-0,01979	0,05109	0,04562
2024-04-01	0,11707	0,08814	0,03737	-0,01451	0,12663	0,04355	0,00421	-0,00737	0,0866	0,01653	0,03831	0,04878
2024-04-02	0,06903	0,02121	0,00513	-0,02904	0,09812	0,03146	-0,0055	0,00915	0,10087	0,04664	0,00242	0,03177
2024-04-03	0,0684	0,05718	-0,02239	-0,03303	0,14236	0,03489	0,00963	0,00794	0,10193	0,05579	0,00359	0,03875
2024-04-04	0,08279	0,05158	-0,03397	-0,05362	0,18239	0,02151	-0,01152	0,00224	0,10047	0,06028	0,00958	0,03743
2024-04-05	0,08662	0,0722	-0,03728	-0,04995	0,13114	0,04917	-0,00481	0,02517	0,16728	0,08224	0,02663	0,04986
2024-04-08	0,08104	0,05973	-0,04669	-0,05755	0,12221	0,04052	0,00851	0,01449	0,15624	0,07946	0,00484	0,04207
2024-04-09	0,07833	0,06435	-0,04749	-0,05664	0,06252	0,01685	-0,01473	-0,01211	0,13103	0,05455	0,01111	0,02616
2024-04-10	0,06672	0,04867	-0,06039	-0,05945	0,11423	0,04276	0,00445	0,01264	0,15772	0,06983	-0,00604	0,03556
2024-04-11	0,03039	0,03601	-0,06259	-0,05131	0,10382	0,01134	-0,02385	-0,01591	0,12323	0,04027	-0,01429	0,0161
2024-04-12	0,05234	0,07641	-0,03787	-0,03309	0,12612	0,01682	-0,01981	0,00192	0,08732	0,06624	-0,01193	0,0295
2024-04-15	0,04396	0,04043	-0,04309	-0,04212	0,11308	0,03086	-0,00225	0,00271	0,092	0,11479	-0,0537	0,02697
2024-04-16	0,0645	0,0661	-0,01899	-0,00448	0,15245	0,02735	-0,00076	0,00898	0,10016	0,13584	-0,02567	0,04595
2024-04-17	0,03377	0,0475	-0,02556	-0,02009	0,13801	0,02016	-0,01116	-0,00634	0,07778	0,12944	-0,04629	0,03066
2024-04-18	0,05456	0,03515	-0,00112	0,00713	0,18554	0,0176	-0,01488	-0,00887	0,08548	0,08829	-0,04914	0,03634
2024-04-19	0,08438	0,05607	0,02326	0,01456	0,2025	0,05664	0,01972	0,02275	0,12217	0,11778	-0,02378	0,06328
2024-04-22	0,07655	0,04726	0,03183	0,02812	0,15515	0,06434	0,02693	0,02759	0,13779	0,12422	-0,03004	0,0627
2024-04-23	0,07032	0,0482	0,03411	0,02135	0,11135	0,05546	0,01867	0,01709	0,13196	0,10774	-0,04827	0,05164
2024-04-24	0,09137	0,08389	0,05097	0,06227	0,13663	0,07882	0,03843	0,03425	0,15487	0,13358	-0,03418	0,07554
2024-04-25	0,14247	0,11251	0,07867	0,09413	0,19502	0,11907	0,06984	0,06943	0,18617	0,1662	-0,01928	0,11038
2024-04-26	0,1419	0,12283	0,06654	0,06907	0,19895	0,12053	0,07856	0,08228	0,15313	0,16433	0,05101	0,11356
2024-04-29	0,09742	0,08756	0,05301	0,05846	0,16511	0,10632	0,06872	0,07217	0,09544	0,15702	0,01854	0,08907
2024-04-30	0,10364	0,08497	0,03837	0,02924	0,14175	0,09091	0,05546	0,04784	0,03883	0,13877	-0,00265	0,06974
2024-05-01	0,12537	0,08917	0,03863	0,04144	0,13119	0,11074	0,06966	0,05428	0,05673	0,14272	-0,00276	0,07792
2024-05-02	0,17444	0,16321	0,10687	0,1059	0,19046	0,14726	0,09959	0,08753	0,06758	0,17172	-0,02207	0,1175
2024-05-03	0,16243	0,14521	0,08337	0,06868	0,15703	0,13123	0,08672	0,07945	0,00585	0,1639	-0,05793	0,09327
2024-05-06	0,12311	0,10218	0,0476	0,04201	0,12856	0,09302	0,05376	0,04777	0,0062	0,12884	-0,06897	0,06401
2024-05-07	0,09353	0,09018	0,00674	-0,00291	0,08677	0,06522	0,03547	0,0288	0,00568	0,09806	-0,05517	0,04112
2024-05-08	0,09351	0,06019	-0,00745	-0,01074	0,08625	0,06373	0,03434	0,02774	0,00818	0,09046	0	0,04057
2024-05-09	0,11485	0,08566	0,01057	-0,00411	0,06613	0,05998	0,02876	0,01863	-0,00366	0,07631	0,00294	0,04146
2024-05-10	0,1271	0,10714	-0,00237	-0,01287	0,06853	0,05649	0,02585	0,01464	-0,01199	0,06591	0,01644	0,04135
2024-05-13	0,15267	0,11591	0,01768	0,01495	0,08996	0,08793	0,05341	0,04238	0,01397	0,09986	0,05385	0,06751
2024-05-14	0,1203	0,07342	-0,01548	-0,02552	0,01967	0,04383	0,01218	0,00341	-0,04752	0,05591	0,08413	0,02948
2024-05-15	0,13239	0,06427	0,00159	-0,01621	0,03948	0,05616	0,02332	0,01685	-0,03602	0,07421	0,06635	0,0384
2024-05-16	0,11088	0,06067	-0,01958	-0,02047	0,0127	0,03502	0,00578	0,0021	-0,05945	0,05642	0,05426	0,02167
2024-05-17	0,13701	0,08568	-0,00843	0,00527	0,00219	0,06032	0,03128	0,02881	-0,0377	0,09607	0,07425	0,04316
2024-05-20	0,13721	0,08605	-0,01809	0,00452	-0,05205	0,09413	0,04227	0,03197	0,00833	0,11486	0,09479	0,04945
2024-05-21	0,12324	0,07193	-0,05568	-0,07486	-0,08855	0,08288	0,03374	0,03846	0,00831	0,10132	0,08307	0,02944
2024-05-22	0,08618	0,04226	-0,08142	-0,07955	-0,10515	0,06528	0,01986	0,01904	0,01358	0,07792	0,10345	0,01468
2024-05-23	0,04168	0,01616	-0,08577	-0,08762	-0,08601	0,04499	0,00125	-0,00212	-0,00376	0,04854	0,11664	0,00036
2024-05-24	0,09487	0,04309	-0,06952	-0,08544	-0,0583	0,0696	0,02432	0,02315	0,05668	0,08601	0,17419	0,0326
2024-05-28	0,11818	0,06564	-0,06961	-0,10697	-0,07787	0,08213	0,03662	0,03576	0,06861	0,09936	0,18226	0,03946
2024-05-29	0,15536	0,11066	-0,05182	-0,0998	-0,06931	0,10469	0,05782	0,05503	0,08923	0,11517	0,18226	0,05903
2024-05-30	0,1593	0,13115	-0,05008	-0,08743	-0,11526	0,09113	0,04117	0,03989	0,07264	0,09708	0,14516	0,0477
2024-05-31	0,11243	0,0705	-0,08562	-0,03322	-0,06396	0,05231	0,00989	0,01372	0,09166	0,0582	0,15574	0,0347
2024-06-03	0,04877	0,00592	-0,14176	-0,09595	-0,13908	-0,00362	-0,04125	-0,03854	0,03913	-0,00406	0,13267	-0,02161
2024-06-04	0,02953	-0,01671	-0,13554	-0,09333	-0,14072	-0,00588	-0,04964	-0,04353	0,03479	-0,00045	0,1194	-0,02746
2024-06-05	0,04699	-0,01063	-0,13931	-0,10065	-0,18722	0,00499	-0,03965	-0,02865	0,04327	0,00179	0,1093	-0,02725
2024-06-06	0,05516	0,01002	-0,15284	-0,11937	-0,22977	0,00398	-0,03355	-0,02389	0,0459	-0,00476	0,14192	-0,02793
2024-06-07	0,07365	0,02952	-0,1493	-0,10963	-0,22874	0,01389	-0,02051	-0,01552	0,05234	0,00482	0,17667	-0,01571
2024-06-10	0,12243	0,06489	-0,13451	-0,10979	-0,19351	0,05102	0,01391	0,01998	0,06752	0,04893	0,2483	0,01811
2024-06-11	0,17591	0,1163	-0,10071	-0,06216	-0,16298	0,0714	0,03138	0,04628	0,07874	0,09212	0,37409	0,06003
2024-06-12	0,14656	0,08459	-0,12376	-0,0835	-0,18507	0,04034	0,00374	0,0176	0,03845	0,05415	0,42336	0,03786
2024-06-13	0,16696	0,10969	-0,08498	-0,07787	-0,15274	0,07596	0,03663	0,05387	0,07155	0,11065	0,41441	0,06583
2024-06-14	0,12463	0,07578	-0,11496	-0,09703	-0,15285	0,01623	-0,01726	-0,00413	-0,00363	0,05577	0,41071	0,02666
2024-06-17	0,13257	0,07413	-0,10795	-0,09952	-0,10878	-0,00995	-0,03785	-0,02688	-0,02703	0,02874	0,37391	0,0174
2024-06-18	0,15123	0,11434	-0,09555	-0,08604	-0,09649	0,00663	-0,02185	-0,01083	-0,01136	0,04565	0,36174	0,0325
2024-06-19	0,16535	0,12996	-0,06837	-0,05027	-0,08726	0,03715	0,00602	0,02409	0,02936	0,09276	0,36649	0,05866
2024-06-20	0,14873	0,117	-0,03326	-0,09522	-0,07684	-0,00246	-0,03402	-0,00923	-0,00118	0,04055	0,35506	0,03719
2024-06-21	0,18044	0,16894	-0,00476	-0,01101	-0,02564	0,02651	-0,01004	0,00329	0,03251	0,07099	0,39469	0,07508
2024-06-24	0,1991	0,17931	0,004	0,01125	-0,05386	0,06428	0,0246	0,05734	0,06849	0,12766	0,37128	0,09577
2024-06-25	0,18642	0,17533	-0,00278	-0,02274	-0,05666	0,03954	0,00202	0,03019	0,04492	0,09942	0,42473	0,08367
2024-06-26	0,21439	0,1931	0,00675	0,01029	-0,07479	0,06731	0,03203	0,06135	0,01704	0,12042	0,44265	0,09914
2024-06-27	0,19413	0,18142	-0,00935	0,00805	-0,10106	0,05918	0,04654	0,07094	0,0235	0,12976	0,51565	0,10171
2024-06-28	0,18583	0,18142	-0,02016	0,00085	-0,14202	0,03612	0,02495	0,05281	-0,02122	0,11327	0,53775	0,08633
2024-07-01	0,1987	0,16186	-0,01568	0,00995	-0,13015	0,06263	0,04681	0,07128	0,01321	0,13179	0,56192	0,10112
2024-07-02	0,20628	0,18465	0,05141	0,02868	-0,10606	0,10004	0,08109	0,10112	0,05932	0,1604	0,60952	0,13422
2024-07-03	0,22206	0,15768	0,05753	0,03627	-0,0814	0,09872	0,07778	0,0994	0,05812	0,1894	0,60571	0,1383
2024-07-04	0,18682	0,15116	0,0066	0,00779	-0,09573	0,05234	0,03744	0,05101	0,01489	0,1344	0,59057	0,10339
2024-07-05	0,1767	0,15563	0,00467	0,00041	-0,12491	0,05353	0,04125	0,05296	0,0107	0,10199	0,56111	0,094
2024-07-08	0,13151	0,10639	-0,0268	-0,03065	-0,14803	0,01583	-0,00273	0,00602	-0,03126	0,05734	0,45724	0,04862
2024-07-09	0,1332	0,11114	-0,02957	-0,03758	-0,16204	-0,00167	-0,02185	-0,01288	-0,04914	0,04049	0,40956	0,03451
2024-07-10	0,1138	0,08813	-0,05568	-0,07647	-0,12414	-0,01158	-0,03206	-0,02115	-0,05732	0,03133	0,3024	0,0143
2024-07-11	0,10756	0,07642	-0,06792	-0,08916	-0,19673	-0,02289	-0,0424	-0,03195	-0,10884	0,0194	0,30645	-0,00455
2024-07-12	0,08626	0,07428	-0,06917	-0,09766	-0,20427	-0,02704	-0,04922	-0,04093	-0,12482	0,01076	0,28981	-0,01382
2024-07-15	0,10313	0,0816	-0,03871	-0,09034	-0,17029	-0,01615	-0,03931	-0,03254	-0,11706	0,02089	0,2969	-0,00017
2024-07-16	0,10449	0,11311	-0,04644	-0,0913	-0,18779	-0,01974	-0,04331	-0,03696	-0,12315	0,00797	0,30833	-0,00134
2024-07-17	0,11088	0,0782	-0,05856	-0,09395	-0,19482	-0,0261	-0,04929	-0,04282	-0,11618	0,00498	0,23697	-0,0137
2024-07-18	0,11631	0,08667	-0,06721	-0,10394	-0,20311	-0,05726	-0,06823	-0,06211	-0,11773	-0,01511	0,19602	-0,02688
2024-07-19	0,0764	0,06996	-0,09675	-0,15376	-0,27016	-0,08303	-0,10041	-0,09305	-0,15257	-0,04796	0,18321	-0,06074
2024-07-22	0,05437	0,02936	-0,11171	-0,14425	-0,2594	-0,10594	-0,11857	-0,11345	-0,16897	-0,07129	0,17576	-0,07583
2024-07-23	-0,00723	-0,004	-0,16029	-0,20632	-0,30236	-0,12457	-0,13658	-0,13383	-0,18509	-0,08655	0,17273	-0,10674
2024-07-24	-0,01229	-0,00539	-0,13815	-0,18694	-0,30602	-0,11522	-0,12743	-0,12878	-0,21656	-0,09297	0,17169	-0,10528
2024-07-25	0,00405	-0,00482	-0,14599	-0,19407	-0,23749	-0,12688	-0,13904	-0,14121	-0,23159	-0,10645	0,15602	-0,10613
2024-07-26	-0,01983	-0,03477	-0,14115	-0,19539	-0,26324	-0,16501	-0,17207	-0,18326	-0,26669	-0,15766	0,10669	-0,13567
2024-07-29	-0,04072	-0,04202	-0,15762	-0,20464	-0,25806	-0,19458	-0,19966	-0,21038	-0,29679	-0,19517	0,06215	-0,15795
2024-07-30	-0,06883	-0,06994	-0,17376	-0,2241	-0,24953	-0,21851	-0,22504	-0,23313	-0,31592	-0,22692	0,06224	-0,17668
2024-07-31	-0,0247	-0,04629	-0,14586	-0,17979	-0,21124	-0,20693	-0,21407	-0,21945	-0,29288	-0,21406	0,06301	-0,15384
2024-08-01	-0,02214	-0,03142	-0,1426	-0,14281	-0,2271	-0,20463	-0,20853	-0,21174	-0,28571	-0,19958	0,05791	-0,14712
2024-08-02	-0,08055	-0,09096	-0,16976	-0,18435	-0,27505	-0,26589	-0,26034	-0,26201	-0,33054	-0,25409	-0,01099	-0,19859
2024-08-05	-0,10029	-0,11295	-0,1497	-0,16107	-0,27437	-0,24066	-0,25669	-0,25652	-0,33505	-0,25164	-0,01786	-0,19607
2024-08-06	-0,08958	-0,11391	-0,17569	-0,20237	-0,27831	-0,24399	-0,2593	-0,25735	-0,33841	-0,24809	-0,00407	-0,201
2024-08-07	-0,07548	-0,11068	-0,17089	-0,19122	-0,26158	-0,23146	-0,24829	-0,24859	-0,32822	-0,2381	0,05082	-0,1867
2024-08-08	-0,07955	-0,09573	-0,18949	-0,19249	-0,2712	-0,26557	-0,27887	-0,28399	-0,35531	-0,27391	0,0585	-0,20251
2024-08-09	-0,0547	-0,07285	-0,18	-0,18981	-0,26673	-0,25588	-0,2703	-0,27756	-0,35603	-0,2707	0,05775	-0,19426
2024-08-12	-0,02068	-0,05538	-0,17796	-0,18763	-0,27099	-0,22608	-0,24181	-0,24959	-0,3111	-0,24116	0,09286	-0,17178
2024-08-13	-0,03261	-0,05595	-0,18754	-0,21844	-0,2568	-0,22364	-0,23929	-0,23539	-0,31935	-0,24089	0,15758	-0,16839
2024-08-14	-0,03195	-0,04787	-0,19008	-0,2147	-0,23607	-0,21891	-0,23432	-0,23181	-0,31798	-0,23966	0,21774	-0,15869
2024-08-15	0,00327	-0,01657	-0,18072	-0,20359	-0,23739	-0,22418	-0,22904	-0,22736	-0,30907	-0,22484	0,23252	-0,147
2024-08-16	-0,02959	-0,04317	-0,18274	-0,20426	-0,2845	-0,25842	-0,25973	-0,25759	-0,34908	-0,2575	0,21648	-0,17365
2024-08-19	-0,06683	-0,05622	-0,20389	-0,23191	-0,2923	-0,30057	-0,29543	-0,29505	-0,34523	-0,31423	0,19841	-0,20029
2024-08-20	-0,0674	-0,07713	-0,19718	-0,22116	-0,28748	-0,28785	-0,29309	-0,28272	-0,33665	-0,30934	0,1944	-0,19687
2024-08-21	-0,09333	-0,07001	-0,22144	-0,237	-0,29296	-0,30037	-0,29745	-0,29681	-0,34699	-0,30835	0,17829	-0,20786
2024-08-22	-0,06577	-0,06123	-0,20389	-0,22876	-0,26182	-0,28722	-0,28416	-0,28236	-0,33575	-0,29069	0,15077	-0,19553
2024-08-23	-0,04653	-0,04437	-0,1852	-0,2235	-0,31554	-0,2823	-0,27683	-0,28018	-0,37083	-0,29898	0,15719	-0,19701
2024-08-26	-0,02572	-0,05947	-0,21382	-0,19357	-0,33488	-0,30791	-0,30175	-0,29649	-0,38966	-0,31901	0,17602	-0,20602
2024-08-27	-0,05146	-0,04577	-0,20591	-0,18765	-0,24702	-0,29687	-0,28953	-0,28829	-0,35825	-0,31154	0,13274	-0,19541
2024-08-28	-0,06963	-0,07329	-0,21712	-0,24278	-0,27098	-0,32169	-0,31725	-0,30693	-0,37772	-0,32621	0,12779	-0,2178
2024-08-29	-0,05806	-0,05853	-0,21003	-0,24215	-0,25641	-0,27132	-0,27126	-0,26009	-0,34601	-0,27257	0,11274	-0,19397
2024-08-30	-0,10808	-0,08122	-0,21221	-0,24747	-0,25834	-0,30017	-0,29841	-0,28134	-0,37076	-0,29242	0,08081	-0,21542
2024-09-02	-0,12862	-0,13514	-0,16163	-0,22693	-0,25067	-0,29229	-0,28939	-0,28158	-0,36386	-0,28672	0,03883	-0,21618
2024-09-03	-0,16651	-0,15439	-0,25264	-0,27325	-0,27756	-0,30662	-0,30289	-0,30404	-0,37675	-0,31321	0,01942	-0,24622
2024-09-04	-0,19172	-0,1817	-0,28103	-0,29479	-0,28787	-0,36659	-0,35055	-0,34426	-0,4099	-0,35083	-0,02041	-0,27997
2024-09-05	-0,19943	-0,18869	-0,28856	-0,31523	-0,298	-0,35553	-0,33995	-0,32982	-0,4007	-0,32365	-0,0625	-0,282
2024-09-06	-0,21054	-0,20118	-0,30364	-0,32789	-0,3127	-0,44109	-0,36057	-0,35168	-0,4182	-0,34666	-0,10163	-0,30689
2024-09-09	-0,20409	-0,21208	-0,30178	-0,3095	-0,31991	-0,4702	-0,36303	-0,35714	-0,42482	-0,3514	-0,16931	-0,31666
2024-09-10	-0,23562	-0,23519	-0,33244	-0,34667	-0,33914	-0,50482	-0,39882	-0,3934	-0,45336	-0,38696	-0,17328	-0,34543
2024-09-11	-0,23202	-0,24866	-0,33322	-0,33735	-0,33511	-0,49184	-0,38443	-0,37875	-0,44298	-0,37191	-0,18263	-0,3399
2024-09-12	-0,21108	-0,20669	-0,32275	-0,3276	-0,32778	-0,50654	-0,39357	-0,39164	-0,4552	-0,39167	-0,16125	-0,33598
2024-09-13	-0,22789	-0,22605	-0,32444	-0,33265	-0,34432	-0,52167	-0,40978	-0,40688	-0,46818	-0,41236	-0,17425	-0,34986
2024-09-16	-0,21722	-0,22595	-0,30569	-0,31369	-0,43775	-0,50619	-0,3907	-0,38889	-0,4572	-0,38645	-0,17425	-0,34582
2024-09-17	-0,21111	-0,22303	-0,29599	-0,31337	-0,43023	-0,47592	-0,35876	-0,35774	-0,44476	-0,35417	-0,10223	-0,3243
2024-09-18	-0,21161	-0,22464	-0,28957	-0,31062	-0,45585	-0,49985	-0,38279	-0,38022	-0,44817	-0,3752	-0,08808	-0,33333
2024-09-19	-0,18318	-0,19702	-0,25522	-0,26425	-0,40307	-0,47235	-0,35429	-0,36024	-0,4266	-0,37574	-0,08135	-0,30666
2024-09-20	-0,18803	-0,18933	-0,26045	-0,26969	-0,34424	-0,48153	-0,36366	-0,37281	-0,42491	-0,37399	-0,06828	-0,30336
2024-09-23	-0,20744	-0,20257	-0,26721	-0,27462	-0,39404	-0,48471	-0,36219	-0,37075	-0,44163	-0,3654	-0,06828	-0,31262
2024-09-24	-0,19335	-0,19913	-0,23925	-0,25951	-0,39698	-0,46149	-0,33528	-0,34589	-0,43763	-0,34331	-0,00296	-0,29225
2024-09-25	-0,22979	-0,20178	-0,26551	-0,28104	-0,40067	-0,46645	-0,34075	-0,34517	-0,42218	-0,34404	-0,05224	-0,30451
2024-09-26	-0,27106	-0,24758	-0,30405	-0,29855	-0,48556	-0,48728	-0,36397	-0,37065	-0,44725	-0,37157	-0,17183	-0,34721
2024-09-27	-0,25019	-0,2588	-0,28566	-0,26804	-0,42003	-0,48815	-0,36574	-0,37334	-0,44256	-0,37138	-0,16	-0,3349
2024-09-30	-0,24259	-0,24525	-0,25966	-0,241	-0,41184	-0,49411	-0,37261	-0,37816	-0,44269	-0,37761	-0,00433	-0,31544
2024-10-01	-0,20718	-0,17443	-0,23182	-0,22161	-0,33822	-0,47169	-0,34227	-0,33407	-0,40618	-0,32477	0,0153	-0,27609
2024-10-02	-0,20748	-0,2075	-0,20716	-0,196	-0,22983	-0,46561	-0,33711	-0,32712	-0,39942	-0,31733	0,07143	-0,25665
2024-10-03	-0,11848	-0,13648	-0,11637	-0,1049	-0,06882	-0,4002	-0,26492	-0,2545	-0,35004	-0,21258	0,18195	-0,16776
2024-10-04	-0,08955	-0,1015	-0,09031	-0,0895	-0,02201	-0,3637	-0,22093	-0,20754	-0,29917	-0,19428	0,19739	-0,13464
2024-10-07	-0,06121	-0,06966	-0,06387	-0,0586	-0,00831	-0,34293	-0,2023	-0,18911	-0,26998	-0,17325	0,23529	-0,10945
2024-10-08	-0,10346	-0,14425	-0,0954	-0,09005	-0,0669	-0,37241	-0,22729	-0,21912	-0,296	-0,20566	0,21739	-0,14574
2024-10-09	-0,14018	-0,15039	-0,15051	-0,09816	-0,14523	-0,41086	-0,26497	-0,2554	-0,30707	-0,26555	0,17956	-0,18261
2024-10-10	-0,0865	-0,09283	-0,10935	-0,0556	-0,09892	-0,38617	-0,23885	-0,22477	-0,28467	-0,24386	0,1611	-0,15095
2024-10-11	-0,08157	-0,09197	-0,08697	-0,04068	-0,01145	-0,39435	-0,24968	-0,23569	-0,26677	-0,23684	0,13478	-0,14193
2024-10-14	-0,13186	-0,16813	-0,11629	-0,05712	-0,04246	-0,42546	-0,28607	-0,27545	-0,3021	-0,29038	0,11429	-0,18009
2024-10-15	-0,17807	-0,19024	-0,1668	-0,10343	-0,09287	-0,46498	-0,32347	-0,31293	-0,31109	-0,33057	0,13122	-0,21302
2024-10-16	-0,18105	-0,20396	-0,16712	-0,1137	-0,15953	-0,47226	-0,33188	-0,31509	-0,31875	-0,33741	0,19262	-0,21892
2024-10-17	-0,19344	-0,19154	-0,16667	-0,13392	-0,1793	-0,45925	-0,31842	-0,30227	-0,29632	-0,29002	0,08225	-0,22263
2024-10-18	-0,21903	-0,21875	-0,18389	-0,18404	-0,15516	-0,34713	-0,34052	-0,32554	-0,31729	-0,31325	0,12821	-0,22513
2024-10-21	-0,20153	-0,21799	-0,17843	-0,1807	-0,16584	-0,3344	-0,32712	-0,32126	-0,31726	-0,31673	0,1374	-0,22035
2024-10-22	-0,14797	-0,1773	-0,14286	-0,1436	-0,13092	-0,30503	-0,29855	-0,29164	-0,28898	-0,28507	0,15734	-0,18678
2024-10-23	-0,15618	-0,15136	-0,13096	-0,12921	-0,1078	-0,28997	-0,27877	-0,28102	-0,25784	-0,27363	0,17972	-0,17064
2024-10-24	-0,17997	-0,17606	-0,1211	-0,11313	-0,11581	-0,27823	-0,27207	-0,27853	-0,25892	-0,28481	0,19757	-0,17101
2024-10-25	-0,14057	-0,14505	-0,09897	-0,10158	-0,12253	-0,20611	-0,27148	-0,27306	-0,25356	-0,28362	0,14792	-0,15897
2024-10-28	-0,21374	-0,20787	-0,1564	-0,15594	-0,15718	-0,29549	-0,29046	-0,30637	-0,28873	-0,31515	0,14792	-0,20358
2024-10-29	-0,18728	-0,21647	-0,19089	-0,11748	-0,14451	-0,29161	-0,28571	-0,2832	-0,26765	-0,30729	0,14792	-0,19493
2024-10-30	-0,15593	-0,15676	-0,1442	-0,09906	-0,12679	-0,27442	-0,2672	-0,27151	-0,2633	-0,29453	0,12368	-0,17546
2024-10-31	-0,14152	-0,15727	-0,13226	-0,07499	-0,10238	-0,26098	-0,25438	-0,24307	-0,27625	-0,27791	0,12708	-0,16308
2024-11-01	-0,15932	-0,17288	-0,00048	-0,1126	-0,12525	-0,26598	-0,28046	-0,26503	-0,29027	-0,34235	0,14615	-0,16986
2024-11-04	-0,11529	-0,1446	0,04734	-0,0586	-0,10991	-0,21744	-0,23573	-0,21751	-0,26433	-0,25485	0,25972	-0,1192
2024-11-05	-0,11381	-0,11831	-0,10476	-0,06954	-0,14485	-0,2149	-0,23541	-0,22242	-0,26217	-0,26168	0,25	-0,13617
2024-11-06	-0,07671	-0,08282	-0,06266	-0,04125	-0,11236	-0,21689	-0,21713	-0,19772	-0,23768	-0,25249	0,28254	-0,11047
2024-11-07	-0,04166	-0,07034	-0,04377	-0,01903	-0,09632	-0,19528	-0,19439	-0,16945	-0,25057	-0,23091	0,31341	-0,09076
2024-11-08	-0,07401	-0,0942	-0,05457	-0,0435	-0,12697	-0,2085	-0,19856	-0,15903	-0,25629	-0,22852	0,3021	-0,10382
2024-11-11	-0,07401	-0,1371	-0,06821	-0,04947	-0,13361	-0,2189	-0,20824	-0,16912	-0,25033	-0,22967	0,26825	-0,11549
2024-11-12	-0,13226	-0,13711	-0,11358	-0,11012	-0,22782	-0,24955	-0,2476	-0,20539	-0,27926	-0,27608	0,26667	-0,15565
2024-11-13	-0,12852	-0,13468	-0,11273	-0,093	-0,2332	-0,25169	-0,24208	-0,1934	-0,28681	-0,28826	0,26274	-0,15469
2024-11-14	-0,10577	-0,10934	-0,07879	-0,06438	-0,22024	-0,26011	-0,2476	-0,19445	-0,29094	-0,27965	0,25	-0,14557
2024-11-15	-0,08395	-0,05506	-0,08385	-0,02559	-0,19094	-0,24709	-0,23448	-0,17209	-0,27704	-0,26283	0,26452	-0,1244
2024-11-18	-0,09167	-0,08459	-0,09595	-0,03213	-0,12731	-0,22057	-0,20749	-0,14207	-0,2684	-0,20375	0,225	-0,11354
2024-11-19	-0,10691	-0,10727	-0,10151	-0,03055	-0,09921	-0,24921	-0,23661	-0,17425	-0,2827	-0,2334	0,20152	-0,1291
2024-11-20	-0,11615	-0,09816	-0,10561	-0,05372	-0,1384	-0,26298	-0,24771	-0,20917	-0,30203	-0,2376	0,24074	-0,13916
2024-11-21	-0,08346	-0,08158	-0,10063	-0,07955	-0,09649	-0,23618	-0,22456	-0,18722	-0,27915	-0,21063	0,26905	-0,11913
2024-11-22	-0,06667	-0,05875	-0,09812	-0,06676	-0,10598	-0,23442	-0,2218	-0,17788	-0,27757	-0,21251	0,29082	-0,11178
2024-11-25	-0,07243	-0,06953	-0,10038	-0,07666	-0,08386	-0,24088	-0,22823	-0,1508	-0,25298	-0,20877	0,32006	-0,10586
2024-11-26	-0,07266	-0,06202	-0,10095	-0,0962	-0,10079	-0,23968	-0,23032	-0,16532	-0,25834	-0,21161	0,29403	-0,11308
2024-11-27	-0,09278	-0,09491	-0,10935	-0,10935	-0,14767	-0,26253	-0,25009	-0,20076	-0,24217	-0,22802	0,27994	-0,13252
2024-11-28	-0,10998	-0,10918	-0,12804	-0,12282	-0,17096	-0,2584	-0,258	-0,19188	-0,23555	-0,22336	0,24697	-0,14193
2024-11-29	-0,09781	-0,09251	-0,11329	-0,07854	-0,13789	-0,2508	-0,25268	-0,15998	-0,2385	-0,17609	0,24697	-0,12283
2024-12-02	-0,07259	-0,07508	-0,07098	-0,06696	-0,11722	-0,20129	-0,21006	-0,1265	-0,19196	-0,14952	0,1065	-0,10688
2024-12-03	-0,03547	-0,04299	-0,08812	-0,038	-0,13806	-0,19298	-0,21524	-0,09785	-0,17742	-0,13578	0,10959	-0,09567
2024-12-04	-0,04364	-0,03352	-0,08812	-0,03103	-0,14197	-0,19946	-0,2034	-0,09775	-0,17942	-0,14255	0,10593	-0,0959
2024-12-05	-0,0058	-0,0074	-0,05586	0,00908	-0,13422	-0,17809	-0,1805	-0,09464	-0,15486	-0,12679	0,11679	-0,07384
2024-12-06	-0,00609	-0,00579	-0,08849	-0,00432	-0,19741	-0,18851	-0,18978	-0,10658	-0,1716	-0,13362	0,08596	-0,09148
2024-12-09	-0,03132	-0,0291	-0,08969	-0,01302	-0,19556	-0,15766	-0,17683	-0,0661	-0,18851	-0,11483	0,08369	-0,089
2024-12-10	-0,0296	-0,02785	-0,08627	0,00733	-0,18416	-0,16693	-0,18206	-0,07515	-0,19564	-0,11929	0,12206	-0,08523
2024-12-11	0,03369	0,00364	-0,03737	0,07607	0,00829	-0,12247	-0,11791	-0,03784	-0,14416	-0,02091	0,17451	-0,01677
2024-12-12	0,01679	-0,00836	-0,05451	0,05372	-0,04826	-0,13369	-0,12922	-0,05126	-0,14836	-0,02914	0,15719	-0,0341
2024-12-13	0,00463	-0,02803	-0,08811	-0,00254	-0,10926	-0,12993	-0,13003	-0,07091	-0,14396	-0,08209	0,14627	-0,05763
2024-12-16	-0,00028	-0,03306	-0,10337	-0,01563	-0,10719	-0,14217	-0,14182	-0,08003	-0,15816	-0,10654	0,14776	-0,06732
2024-12-17	-0,02564	-0,07263	-0,10346	-0,08337	-0,12363	-0,16738	-0,16955	-0,13344	-0,16915	-0,14268	0,1365	-0,09586
2024-12-18	-0,03318	-0,06577	-0,12188	-0,11583	-0,14183	-0,17485	-0,18249	-0,1465	-0,22702	-0,16595	0,13205	-0,11302
2024-12-19	-0,05104	-0,09063	-0,12007	-0,10694	-0,11464	-0,17972	-0,17656	-0,15657	-0,22381	-0,16476	0,1072	-0,11614
2024-12-20	-0,05272	-0,0934	-0,09969	-0,08468	-0,03887	-0,17809	-0,17498	-0,14648	-0,22452	-0,16529	0,11947	-0,10357
2024-12-23	-0,05171	-0,10108	-0,07969	-0,1044	-0,07281	-0,15785	-0,15555	-0,13315	-0,20649	-0,15653	0,12006	-0,09993
2024-12-24	-0,03302	-0,08388	-0,07195	-0,0783	-0,09091	-0,16216	-0,15974	-0,13636	-0,18132	-0,16133	0,11713	-0,09471
2024-12-26	-0,05289	-0,09226	-0,09271	-0,09099	-0,14428	-0,16291	-0,16514	-0,13677	-0,17354	-0,14769	0,11713	-0,10382
2024-12-27	-0,01027	-0,06668	-0,06741	-0,06867	-0,14663	-0,12885	-0,13229	-0,10008	-0,14019	-0,11027	0,11739	-0,07763
2024-12-30	-0,00223	-0,04441	-0,05141	-0,02524	-0,13299	-0,09329	-0,09759	-0,07407	-0,10581	-0,07442	0,11588	-0,05323
2024-12-31	0,00765	-0,04003	-0,04122	-0,02427	-0,14423	-0,08388	-0,08574	-0,06492	-0,08465	-0,05793	0,16595	-0,04121
2025-01-02	0,01124	-0,01347	-0,04758	-0,02873	-0,12998	-0,09283	-0,09469	-0,07227	-0,09408	-0,0694	0,22014	-0,03742
2025-01-03	0,03122	0,01227	-0,03977	-0,00767	-0,1152	-0,08581	-0,09154	-0,07157	-0,04351	-0,06541	0,24964	-0,02067
2025-01-06	0,00419	-0,01328	-0,04803	-0,02008	-0,01326	-0,09422	-0,09862	-0,08643	-0,04766	-0,07421	0,24857	-0,02209
2025-01-07	0,05531	0,0314	-0,01872	0,02198	-0,01804	-0,07949	-0,08517	-0,07608	-0,03113	-0,07279	0,2482	-0,00223
2025-01-08	0,02154	-0,0077	-0,0432	-0,0049	0,00588	-0,10493	-0,10994	-0,10182	-0,05761	-0,09894	0,17551	-0,02965
2025-01-09	0,03381	-0,00025	-0,0271	-0,01408	-0,00821	-0,08852	-0,09489	-0,0841	-0,03929	-0,10633	0,10968	-0,02903
2025-01-10	0,07096	-0,00561	-0,02135	-0,01132	-0,04552	-0,06107	-0,06749	-0,05616	-0,01731	-0,0876	0,1329	-0,01542
2025-01-13	0,0909	0,03505	-0,00456	-0,00094	-0,01201	-0,04766	-0,05462	-0,04331	0,01058	-0,08128	0,11411	0,00057
2025-01-14	0,07211	0,03297	0,00547	0,00893	0,02978	-0,04804	-0,05163	-0,04604	0,01058	-0,08898	0,13497	0,00547
2025-01-15	0,11152	0,04155	0,03382	0,04041	0,0648	0,00078	-0,00756	0,00357	0,06877	-0,04498	0,14491	0,0416
2025-01-16	0,09012	0,0445	0,00227	0,0014	0,06701	-0,00313	-0,01134	-4e-04	0,07238	-0,05996	0,12139	0,02948
2025-01-17	0,05705	0,02443	-0,01782	-0,00699	0,0023	-0,01542	-0,02304	-0,02214	0,05733	-0,06385	0,05134	0,00393
2025-01-20	0,06609	0,01202	-0,01606	-0,00652	0,01441	-0,00623	-0,01277	-0,01217	0,06832	-0,05802	0,07432	0,01122
2025-01-21	0,02033	-0,01383	-0,05172	-0,04352	0,03547	-0,0443	-0,045	-0,03807	0,02452	-0,07055	0,03583	-0,01735
2025-01-22	0,01874	-0,02487	-0,05409	-0,04968	0,08596	-0,06638	-0,07074	-0,06013	0	-0,09718	0,03964	-0,02534
2025-01-23	-0,00596	-0,04297	-0,06805	-0,0563	0,08128	-0,06656	-0,07055	-0,06887	-0,01072	-0,09224	0,01222	-0,03534
2025-01-24	-0,03774	-0,04397	-0,08529	-0,07366	-0,11683	-0,09044	-0,09387	-0,096	-0,04233	-0,11736	0,02605	-0,07013
2025-01-27	-0,06297	-0,07247	-0,10803	-0,10336	-0,10023	-0,13009	-0,1275	-0,13155	-0,06657	-0,1546	0,04689	-0,09186
2025-01-28	-0,04013	-0,0712	-0,07573	-0,09267	-0,09046	-0,13549	-0,12813	-0,12137	-0,07807	-0,17085	0	-0,09128
2025-01-29	-0,06845	-0,08462	-0,08955	-0,11379	-0,10266	-0,11966	-0,11373	-0,10466	-0,06106	-0,15837	0,00224	-0,09221
2025-01-30	-0,04169	-0,067	-0,05053	-0,06667	-0,12903	-0,10384	-0,09978	-0,12966	-0,04287	-0,1537	-0,05241	-0,0852
2025-01-31	-0,02044	-0,06192	-0,04715	-0,0589	-0,06675	-0,10427	-0,10438	-0,10957	-0,04376	-0,13132	-0,02139	-0,06999
2025-02-03	0,011	-0,03835	0,01153	-0,02187	0,01025	-0,06889	-0,08221	-0,08458	-0,02728	-0,08817	-0,00642	-0,035
2025-02-04	-0,00232	-0,0343	-0,0286	-0,05117	-0,04829	-0,11838	-0,08522	-0,11802	-0,06461	-0,12808	-0,02646	-0,06413
2025-02-05	-0,03305	-0,07146	-0,05595	-0,06661	-0,03324	-0,12122	-0,11333	-0,13465	-0,11513	-0,1472	-0,00974	-0,08196
2025-02-06	-0,0443	-0,08179	-0,07093	-0,08621	-0,03321	-0,13798	-0,12709	-0,1498	-0,13633	-0,16703	0,00878	-0,09326
2025-02-07	-0,06978	-0,10035	-0,07546	-0,10564	-0,00502	-0,15747	-0,13663	-0,16468	-0,16351	-0,18288	0,02428	-0,10338
2025-02-10	-0,05863	-0,08794	-0,07349	-0,10719	0,00459	-0,16985	-0,14825	-0,17825	-0,17166	-0,20077	0,01512	-0,10694
2025-02-11	-0,04745	-0,07427	-0,06999	-0,10623	0,03313	-0,14406	-0,12145	-0,15663	-0,15267	-0,17587	0,02167	-0,09035
2025-02-12	-0,0838	-0,11025	-0,10275	-0,14873	0,00299	-0,15829	-0,13419	-0,15734	-0,1562	-0,18358	0	-0,11201
2025-02-13	-0,07044	-0,10425	-0,06341	-0,09146	-0,01651	-0,1356	-0,03433	-0,13572	-0,12773	-0,15957	-0,01704	-0,08691
2025-02-14	-0,09456	-0,10838	-0,07094	-0,1018	-0,04033	-0,13847	-0,11258	-0,14291	-0,13533	-0,16077	-0,04088	-0,10427
2025-02-17	-0,10797	-0,10686	-0,07964	-0,10945	-0,03852	-0,13531	-0,11258	-0,13284	-0,11585	-0,15922	-0,02969	-0,10254
2025-02-18	-0,09341	-0,10594	-0,07751	-0,10733	-0,03663	-0,14008	-0,11756	-0,13761	-0,11444	-0,16439	-0,04136	-0,1033
2025-02-19	-0,078	-0,09955	-0,06401	-0,08564	-0,02412	-0,10794	-0,08884	-0,08381	-0,0767	-0,11441	-0,02384	-0,07699
2025-02-20	-0,07618	-0,09225	-0,0883	-0,09644	0,02789	-0,08846	-0,06966	-0,06402	-0,07594	-0,11486	0,03207	-0,0642
2025-02-21	-0,112	-0,12768	-0,10932	-0,13406	-0,0052	-0,12993	-0,10908	-0,12297	-0,11291	-0,1595	0,0333	-0,09903
2025-02-24	-0,08428	-0,11036	-0,09287	-0,10663	0,01222	-0,11467	-0,08492	-0,10054	-0,08199	-0,14247	0,03207	-0,07949
2025-02-25	-0,11944	-0,12975	-0,17685	-0,14604	-0,13478	-0,16	-0,13416	-0,14087	-0,1228	-0,1813	0,05632	-0,12633
2025-02-26	-0,13697	-0,12303	-0,19899	-0,17406	-0,15664	-0,16642	-0,14202	-0,14832	-0,14317	-0,19215	0,09217	-0,13542
2025-02-27	-0,11103	-0,10787	-0,16922	-0,16367	-0,13629	-0,11868	-0,0983	-0,10098	-0,10701	-0,14489	0,15925	-0,09988
2025-02-28	-0,11676	-0,116	-0,19456	-0,17516	-0,17764	-0,13955	-0,11877	-0,11651	-0,12551	-0,15948	0,12309	-0,11971
2025-03-03	-0,15167	-0,14112	-0,17562	-0,20911	-0,18538	-0,16836	-0,18158	-0,15979	-0,16373	-0,19969	0,06548	-0,15187
2025-03-04	-0,14058	-0,16482	-0,17738	-0,21729	-0,18485	-0,15476	-0,13847	-0,14258	-0,15727	-0,18652	0,07673	-0,14434
2025-03-05	-0,15839	-0,17362	-0,18916	-0,17569	-0,17039	-0,14571	-0,12924	-0,14054	-0,15773	-0,16806	0,04074	-0,14253
2025-03-06	-0,16808	-0,17912	-0,19635	-0,19107	-0,21334	-0,173	-0,15709	-0,17071	-0,16914	-0,20193	0,03681	-0,16209
2025-03-07	-0,15687	-0,14597	-0,17924	-0,18144	-0,2223	-0,18409	-0,17441	-0,1812	-0,19119	-0,20864	0,066	-0,15994
2025-03-10	-0,16021	-0,15672	-0,17639	-0,16975	-0,24712	-0,19179	-0,17445	-0,17311	-0,19659	-0,21518	0,07179	-0,16268
2025-03-11	-0,15659	-0,14298	-0,19527	-0,22828	-0,26104	-0,18745	-0,16698	-0,17112	-0,19077	-0,21213	0,11467	-0,16345
2025-03-12	-0,13833	-0,13507	-0,19008	-0,21563	-0,23571	-0,17481	-0,15843	-0,15881	-0,18076	-0,20684	0,1377	-0,15062
2025-03-13	-0,17169	-0,1564	-0,22106	-0,22451	-0,21688	-0,21532	-0,19822	-0,20084	-0,21334	-0,24395	0,10836	-0,17762
2025-03-14	-0,17928	-0,16504	-0,22279	-0,21729	-0,21259	-0,2142	-0,19793	-0,20289	-0,21394	-0,24011	0,10479	-0,1783
2025-03-17	-0,17208	-0,15763	-0,21611	-0,20038	-0,21489	-0,2064	-0,1881	-0,19548	-0,22076	-0,23352	0,09045	-0,17408
2025-03-18	-0,19348	-0,16815	-0,22314	-0,2051	-0,21983	-0,22378	-0,20569	-0,21344	-0,20532	-0,25313	0,0559	-0,18683
2025-03-19	-0,20133	-0,17651	-0,22681	-0,2132	-0,223	-0,20402	-0,18598	-0,18392	-0,19728	-0,22651	0,04019	-0,18167
2025-03-20	-0,172	-0,15343	-0,22351	-0,20558	-0,20393	-0,17426	-0,15803	-0,16915	-0,15543	-0,20031	0,07011	-0,15868
2025-03-21	-0,16429	-0,14461	-0,21928	-0,20213	-0,19954	-0,16473	-0,14926	-0,14971	-0,14104	-0,20169	0,0868	-0,14995
2025-03-24	-0,14353	-0,12855	-0,21741	-0,20344	-0,19703	-0,15673	-0,14394	-0,14815	-0,13769	-0,19016	0,10636	-0,14184
2025-03-25	-0,1569	-0,14388	-0,20665	-0,19202	-0,20151	-0,15654	-0,14168	-0,13923	-0,13071	-0,17886	0,09036	-0,1416
2025-03-26	-0,14998	-0,13165	-0,17671	-0,15525	-0,19391	-0,12961	-0,11848	-0,11352	-0,13537	-0,16047	0,1099	-0,12319
2025-03-27	-0,14425	-0,12032	-0,17423	-0,15214	-0,17591	-0,1271	-0,11635	-0,1169	-0,13313	-0,16363	0,08981	-0,12129
2025-03-28	-0,16937	-0,13323	-0,20906	-0,16628	-0,11472	-0,14257	-0,13003	-0,13095	-0,13758	-0,17142	0,0887	-0,12877
2025-03-31	-0,144	-0,10375	-0,1866	-0,14103	-0,08031	-0,12554	-0,11392	-0,1105	-0,11074	-0,15479	0,09721	-0,10672
2025-04-01	-0,15295	-0,09737	-0,21315	-0,13023	-0,09335	-0,13583	-0,12457	-0,12578	-0,1162	-0,17809	0,13161	-0,11235
2025-04-02	-0,16091	-0,11822	-0,22166	-0,14187	-0,14321	-0,15822	-0,1476	-0,14998	-0,13223	-0,2072	0,10964	-0,13377
2025-04-03	-0,21793	-0,19934	-0,2839	-0,19565	-0,20239	-0,21098	-0,19839	-0,2015	-0,18179	-0,26202	0,04415	-0,19179
2025-04-04	-0,28557	-0,24314	-0,32329	-0,23775	-0,25935	-0,24784	-0,23452	-0,23621	-0,21291	-0,29774	-0,07473	-0,24119
2025-04-07	-0,3038	-0,28747	-0,33297	-0,256	-0,23278	-0,25797	-0,22573	-0,24591	-0,23371	-0,29993	-0,09434	-0,25187
2025-04-08	-0,31178	-0,29292	-0,34868	-0,27343	-0,24533	-0,27183	-0,25578	-0,25827	-0,24903	-0,318	-0,14458	-0,26997
2025-04-09	-0,27208	-0,26951	-0,32496	-0,25698	-0,18328	-0,22197	-0,20673	-0,21494	-0,20481	-0,27024	-0,1453	-0,23371
2025-04-10	-0,30363	-0,28612	-0,35294	-0,28766	-0,31241	-0,25702	-0,2391	-0,2466	-0,23071	-0,29728	-0,0644	-0,26162
2025-04-11	-0,27835	-0,26954	-0,33926	-0,27723	-0,2935	-0,23811	-0,2203	-0,23095	-0,20899	-0,27932	-0,04589	-0,24377
2025-04-14	-0,28302	-0,27857	-0,33622	-0,27492	-0,29112	-0,2324	-0,21519	-0,22839	-0,19259	-0,28069	-0,02295	-0,23964
2025-04-15	-0,28384	-0,26706	-0,33393	-0,26497	-0,31028	-0,22628	-0,21265	-0,2251	-0,19707	-0,28736	0,02522	-0,23485
2025-04-16	-0,27011	-0,25578	-0,33202	-0,26744	-0,29369	-0,20713	-0,19554	-0,20975	-0,18245	-0,27273	0,07654	-0,2191
2025-04-17	-0,22146	-0,22571	-0,29516	-0,22321	-0,24032	-0,17305	-0,16193	-0,17776	-0,14548	-0,24186	0,09834	-0,18251
2025-04-21	-0,24239	-0,2118	-0,29657	-0,21044	-0,2383	-0,17349	-0,16259	-0,17833	-0,14684	-0,21995	0,08205	-0,1817
2025-04-22	-0,2293	-0,21042	-0,28278	-0,20016	-0,21277	-0,16795	-0,1593	-0,15912	-0,17051	-0,19366	0,11355	-0,17022
2025-04-23	-0,25579	-0,22687	-0,29685	-0,20938	-0,23784	-0,17987	-0,17044	-0,16967	-0,2017	-0,20246	0,12484	-0,18419
2025-04-24	-0,24426	-0,24174	-0,29714	-0,22522	-0,23125	-0,1649	-0,15591	-0,15307	-0,1879	-0,18798	0,1481	-0,17648
2025-04-25	-0,24812	-0,23961	-0,29925	-0,22802	-0,26484	-0,15206	-0,14353	-0,14073	-0,17489	-0,17534	0,20577	-0,16915
2025-04-28	-0,25861	-0,26481	-0,30226	-0,22205	-0,26027	-0,15051	-0,1437	-0,14079	-0,15127	-0,17522	0,2069	-0,16933
2025-04-29	-0,26608	-0,27589	-0,31643	-0,24063	-0,24848	-0,17413	-0,16844	-0,16727	-0,16091	-0,20296	0,25228	-0,179
2025-04-30	-0,28674	-0,28176	-0,31467	-0,23204	-0,25413	-0,20025	-0,19307	-0,19486	-0,19602	-0,22713	0,21514	-0,19687
2025-05-01	-0,24919	-0,2535	-0,28144	-0,2018	-0,20625	-0,19134	-0,18437	-0,18292	-0,19723	-0,21482	0,00277	-0,19637
2025-05-02	-0,25959	-0,27402	-0,29951	-0,21475	-0,20974	-0,18678	-0,17828	-0,17783	-0,18287	-0,21211	0,03103	-0,19677
2025-05-05	-0,26554	-0,26352	-0,28126	-0,1932	-0,17753	-0,19264	-0,18429	-0,18316	-0,18929	-0,21794	0,02343	-0,19318
2025-05-06	-0,24569	-0,25395	-0,24505	-0,17359	-0,12688	-0,18766	-0,18082	-0,18444	-0,16345	-0,23197	0,05778	-0,17598
2025-05-07	-0,25697	-0,27065	-0,25394	-0,18197	-0,13059	-0,20323	-0,19576	-0,20309	-0,19176	-0,25144	-0,0073	-0,19515
2025-05-08	-0,23979	-0,24527	-0,22187	-0,14954	-0,08756	-0,17468	-0,16842	-0,17317	-0,14645	-0,2193	0,01876	-0,1643
2025-05-09	-0,22867	-0,22829	-0,23092	-0,15499	-0,04267	-0,16681	-0,16126	-0,16043	-0,13399	-0,20651	0,05271	-0,15108
2025-05-12	-0,20662	-0,21717	-0,20746	-0,13246	-0,02506	-0,13109	-0,12763	-0,1294	-0,09502	-0,16645	0,13971	-0,11806
2025-05-13	-0,19415	-0,19536	-0,20292	-0,1229	-0,01834	-0,10748	-0,10429	-0,10716	-0,0722	-0,144	0,12117	-0,10433
2025-05-14	-0,19015	-0,1863	-0,19871	-0,10906	-0,0174	-0,09091	-0,08797	-0,09273	-0,03312	-0,12425	0,16398	-0,08787
2025-05-15	-0,21438	-0,1953	-0,21984	-0,12928	-0,05383	-0,10376	-0,1007	-0,10875	-0,05498	-0,15139	0,16	-0,10657
2025-05-16	-0,21039	-0,20147	-0,22083	-0,15813	-0,11914	-0,12634	-0,12197	-0,1368	-0,0658	-0,16905	0,15147	-0,12531
2025-05-19	-0,21651	-0,19443	-0,22372	-0,16405	-0,11362	-0,1437	-0,1387	-0,1561	-0,08007	-0,19772	0,13824	-0,13549
2025-05-20	-0,21403	-0,18288	-0,20502	-0,14362	-0,07747	-0,15254	-0,13382	-0,15076	-0,10326	-0,19297	0,11111	-0,13139
2025-05-21	-0,21981	-0,18912	-0,18362	-0,11614	-0,07476	-0,14889	-0,12974	-0,1469	-0,10635	-0,18523	0,11288	-0,12615
2025-05-22	-0,20973	-0,18811	-0,17768	-0,11214	-0,00715	-0,14468	-0,12681	-0,12866	-0,10302	-0,16766	0,07244	-0,11756
2025-05-23	-0,1882	-0,17464	-0,20479	-0,12234	-0,03124	-0,1428	-0,12458	-0,12718	-0,08183	-0,16502	0,05153	-0,11919
2025-05-27	-0,21496	-0,185	-0,21494	-0,14777	-0,11445	-0,15026	-0,13286	-0,14731	-0,1215	-0,18664	0,03846	-0,14338
2025-05-28	-0,22695	-0,19203	-0,22407	-0,15479	-0,13393	-0,17389	-0,15631	-0,16722	-0,14467	-0,20616	0,02046	-0,15996
2025-05-29	-0,23156	-0,20736	-0,21538	-0,13957	-0,14894	-0,17297	-0,15362	-0,16582	-0,14286	-0,20484	0,00273	-0,16184
2025-05-30	-0,22163	-0,21002	-0,20631	-0,12968	-0,0889	-0,16135	-0,14328	-0,1517	-0,1263	-0,19529	0,02535	-0,14628
2025-06-02	-0,18853	-0,16194	-0,20452	-0,11718	-0,08883	-0,13638	-0,12223	-0,12833	-0,14524	-0,17023	0,02553	-0,13072
2025-06-03	-0,14829	-0,11733	-0,16475	-0,07502	-0,02728	-0,09124	-0,07858	-0,08288	-0,11011	-0,12036	0,06149	-0,08676
2025-06-04	-0,14407	-0,1147	-0,18492	-0,107	-0,06534	-0,10414	-0,08455	-0,09689	-0,12546	-0,13984	0,04444	-0,10204
2025-06-05	-0,14678	-0,10967	-0,19025	-0,10382	-0,05085	-0,10014	-0,08081	-0,09473	-0,09384	-0,14005	0,06324	-0,09525
2025-06-06	-0,14663	-0,12368	-0,19583	-0,11333	-0,05042	-0,10406	-0,08744	-0,0979	-0,11034	-0,14839	0,06571	-0,10112
2025-06-09	-0,13772	-0,1202	-0,18056	-0,08782	0,00044	-0,09368	-0,08162	-0,08673	-0,10029	-0,13825	0,05949	-0,0879
2025-06-10	-0,16622	-0,14047	-0,18981	-0,10062	-0,01989	-0,12242	-0,11019	-0,11627	-0,1273	-0,16667	0,01907	-0,1128
2025-06-11	-0,12639	-0,11054	-0,16176	-0,05105	-0,01817	-0,09544	-0,08253	-0,09358	-0,08313	-0,14888	0,02656	-0,0859
2025-06-12	-0,13612	-0,12022	-0,08985	-0,05072	-0,0165	-0,10268	-0,08026	-0,1	-0,08129	-0,14947	-0,00513	-0,08475
2025-06-13	-0,07248	-0,0668	-0,06633	-0,028	0,01403	-0,0447	-0,02437	-0,04575	-0,02608	-0,09345	0,03567	-0,03802
2025-06-16	-0,08664	-0,07903	-0,07286	-0,03996	-0,0256	-0,04076	-0,02082	-0,04229	-0,00526	-0,09327	0,02405	-0,04386
2025-06-17	-0,07021	-0,04548	-0,05397	-0,02642	-0,01419	0,00502	0,01946	0	0,04227	-0,05341	0,02405	-0,01572
2025-06-18	-0,08201	-0,0756	-0,05726	-0,03774	-0,0428	0,00659	0,02034	0,00081	0,02734	-0,05012	0,02554	-0,02408
2025-06-19	-0,08201	-0,06154	-0,05726	-0,03774	-0,0428	0,00659	0,02034	0,00081	0,02734	-0,05012	0,02554	-0,0228
2025-06-20	-0,09143	-0,08368	-0,0588	-0,01092	-0,03945	0,00618	0,02281	0,00891	0,0323	-0,05625	0,01392	-0,02331
2025-06-23	-0,15114	-0,13978	-0,12306	-0,09932	-0,08327	-0,07247	-0,05109	-0,06847	-0,05352	-0,13298	0,00127	-0,08853
2025-06-24	-0,20791	-0,20311	-0,15804	-0,1365	-0,13506	-0,09408	-0,07283	-0,08944	-0,05905	-0,15295	-0,0447	-0,12306
2025-06-25	-0,19507	-0,21207	-0,16348	-0,13356	-0,14843	-0,08723	-0,06683	-0,08547	-0,05236	-0,1409	-0,0805	-0,12417
2025-06-26	-0,19163	-0,20044	-0,16483	-0,14686	-0,11672	-0,06675	-0,04934	-0,06144	-0,00399	-0,11152	-0,10559	-0,11083
2025-06-27	-0,19725	-0,20264	-0,17531	-0,16351	-0,12539	-0,09478	-0,09603	-0,10518	-0,0384	-0,15382	-0,12758	-0,13454
2025-06-30	-0,19957	-0,219	-0,16818	-0,12793	-0,10577	-0,05208	-0,05547	-0,06917	0,02168	-0,11755	-0,13772	-0,11189
2025-07-01	-0,21322	-0,21878	-0,17528	-0,16838	-0,1058	-0,09891	-0,09715	-0,10157	-0,02992	-0,15342	-0,16095	-0,13849
2025-07-02	-0,18349	-0,19801	-0,16997	-0,14473	-0,11076	-0,07131	-0,0708	-0,07659	-0,01729	-0,12612	-0,16095	-0,12091
2025-07-03	-0,20026	-0,20204	-0,17554	-0,15547	-0,13502	-0,08865	-0,0856	-0,09237	-0,03311	-0,16495	-0,15302	-0,13509
2025-07-04	-0,20026	-0,19595	-0,17554	-0,15547	-0,13502	-0,08865	-0,0856	-0,09237	-0,03311	-0,16495	-0,15302	-0,13454
2025-07-07	-0,18096	-0,18847	-0,15704	-0,13831	-0,08383	-0,06452	-0,06538	-0,06994	-0,01021	-0,12157	-0,14116	-0,11104
2025-07-08	-0,16836	-0,1681	-0,13218	-0,11273	-0,05979	-0,03774	-0,03987	-0,04629	0,03458	-0,09649	-0,12216	-0,08628
2025-07-09	-0,1591	-0,16767	-0,12584	-0,11259	-0,08115	-0,03181	-0,03351	-0,04241	0,0419	-0,09485	-0,11259	-0,0836
2025-07-10	-0,18719	-0,18683	-0,13426	-0,10828	-0,07438	-0,03935	-0,0403	-0,05014	0,03688	-0,10288	-0,10934	-0,09055
2025-07-11	-0,17028	-0,16684	-0,12554	-0,08861	-0,08108	-0,01088	-0,01316	-0,02404	0,11107	-0,0753	-0,08519	-0,06635
2025-07-14	-0,18326	-0,18764	-0,12825	-0,11205	-0,08501	-0,03747	-0,03852	-0,0517	0,0948	-0,09664	-0,11358	-0,08539
2025-07-15	-0,18577	-0,18688	-0,118	-0,10873	-0,08083	-0,02988	-0,03129	-0,04635	0,10266	-0,08923	-0,09686	-0,0792
2025-07-16	-0,18054	-0,1955	-0,11891	-0,118	-0,05877	-0,01585	-0,01835	-0,03338	0,0681	-0,07702	-0,1172	-0,07867
2025-07-17	-0,18298	-0,16838	-0,1252	-0,10369	-0,05213	0,00851	0,02025	-0,00746	0,10416	-0,05487	-0,12388	-0,06233
2025-07-18	-0,18581	-0,17621	-0,13651	-0,1093	-0,05818	0,0077	0,01871	0,00208	0,07584	-0,05599	-0,10371	-0,06558
2025-07-21	-0,16014	-0,15577	-0,12878	-0,0876	0,04687	0,05363	0,05956	0,04002	0,12372	-0,01905	-0,11613	-0,03124
2025-07-22	-0,16849	-0,16479	-0,13879	-0,11872	-0,01754	0,02973	0,03601	0,0178	0,10955	-0,02657	-0,13273	-0,05223
2025-07-23	-0,1558	-0,15852	-0,11967	-0,09343	0,02541	0,03656	0,04341	0,0239	0,11636	-0,02496	-0,10465	-0,0374
2025-07-24	-0,1475	-0,15167	-0,13194	-0,10897	0,01027	0,00697	0,01444	-0,00296	0,08157	-0,04108	-0,0964	-0,05157
2025-07-25	-0,1643	-0,16166	-0,14652	-0,12738	-0,10368	-0,00776	0,00082	-0,01804	0,03757	-0,05495	-0,0964	-0,07657
2025-07-28	-0,13706	-0,12883	-0,11815	-0,12437	-0,03488	0,03044	0,03457	0,01077	0,07377	-0,01863	-0,08098	-0,04485
2025-07-29	-0,09059	-0,0955	-0,07235	-0,07933	-0,02153	0,06646	0,06819	0,04908	0,12135	0,01896	-0,06632	-0,00924
2025-07-30	-0,06669	-0,06662	-0,03812	-0,05977	-0,00334	0,06056	0,06721	0,04089	0,11725	-0,0199	-0,04297	-0,00105
2025-07-31	-0,11341	-0,0978	-0,0973	-0,11399	-0,04803	0,01634	0,0251	0,00172	0,05806	-0,05789	-0,06701	-0,04493
2025-08-01	-0,12027	-0,13297	-0,11713	-0,12569	-0,07314	-0,0348	-0,02338	-0,04778	0,006	-0,10961	-0,07076	-0,07723
2025-08-04	-0,10215	-0,11219	-0,09493	-0,10031	-0,01516	0,0284	0,02926	9e-04	0,07105	-0,06073	-0,04167	-0,03614
2025-08-05	-0,11093	-0,10799	-0,11891	-0,13726	-0,03414	-0,02004	0,01054	-0,02249	0,05407	-0,07749	-0,05594	-0,05642
2025-08-06	-0,12359	-0,11289	-0,10912	-0,10192	-0,02482	-0,00599	0,02355	-0,0091	0,069	-0,07265	-0,10068	-0,05166
2025-08-07	-0,15363	-0,14401	-0,12903	-0,12489	-0,04325	-0,02917	-0,00086	-0,031	0,03177	-0,09577	-0,15163	-0,07923
2025-08-08	-0,16358	-0,16828	-0,14002	-0,1549	-0,01748	-0,02512	0,00173	-0,02484	0,02769	-0,09128	-0,13421	-0,08094
2025-08-11	-0,16926	-0,16911	-0,13766	-0,13956	-0,02037	-0,00904	0,01739	-0,00494	0,04363	-0,06977	-0,11984	-0,07078
2025-08-12	-0,21154	-0,19576	-0,15556	-0,15562	-0,05048	-0,05719	-0,03007	-0,05376	-0,00569	-0,11673	-0,13725	-0,10633
2025-08-13	-0,2021	-0,19707	-0,1325	-0,11542	-0,05239	-0,04794	-0,02177	-0,05905	-0,02111	-0,10592	-0,12565	-0,09827
2025-08-14	-0,17179	-0,17079	-0,09991	-0,07692	-0,03173	-0,03901	-0,0125	-0,05	-0,01046	-0,09705	-0,10728	-0,07886
2025-08-15	-0,19935	-0,19003	-0,12269	-0,10919	-0,05092	-0,0309	-0,01978	-0,05684	-0,02418	-0,1137	-0,13193	-0,09541
2025-08-18	-0,17348	-0,16405	-0,09962	-0,08995	-0,01904	-0,00371	0,00613	-0,03421	0,00176	-0,09351	-0,13811	-0,07343
2025-08-19	-0,16407	-0,17844	-0,08377	0,00361	-0,00216	0,0325	0,04013	-0,00319	0,0386	-0,05775	-0,13113	-0,04597
2025-08-20	-0,1472	-0,14255	-0,06272	-0,04755	0,01952	0,04252	0,04957	0,00639	0,04812	-0,04977	-0,12109	-0,0368
2025-08-21	-0,1127	-0,13152	-0,02077	-0,08154	0,0787	0,07429	0,07661	0,03208	0,11086	-0,02035	-0,09868	-0,00846
2025-08-22	-0,13077	-0,13338	-0,03773	-0,08101	0,05988	0,05832	0,05543	0,01726	0,09491	-0,03879	-0,10561	-0,02195
2025-08-25	-0,14033	-0,14999	-0,06215	-0,10059	0,03489	0,05626	0,05356	0,02018	0,09229	-0,01873	-0,1229	-0,03068
2025-08-26	-0,18878	-0,16741	-0,06745	-0,10305	0,09166	0,00645	0,00691	-0,02692	0,06187	-0,06633	-0,13032	-0,05303
2025-08-27	-0,15699	-0,16881	-0,04699	-0,09326	0,01814	0,03357	0,0323	-0,00362	0,02658	-0,04015	-0,11458	-0,04671
2025-08-28	-0,13949	-0,1428	0,00179	0	0,04086	0,069	0,07022	0,01973	0,06226	-0,01537	-0,1054	-0,01265
2025-08-29	-0,16307	-0,16824	-0,00573	-0,02072	0,01821	0,02643	0,03017	-0,01834	0,02022	-0,0609	-0,12105	-0,04209
2025-09-01	-0,13634	-0,16347	0,01577	-0,01208	0,03669	0,04819	0,05068	-0,00544	0,04397	-0,05031	-0,10814	-0,0255
2025-09-02	-0,115	-0,12503	-0,07748	0,02183	0,04536	0,09494	0,09502	0,03987	0,08621	-0,00329	-0,10814	-0,00416
2025-09-03	-0,09708	-0,11378	0,01769	0,07658	-0,01923	0,11166	0,11024	0,06829	0,10295	0,02881	-0,05442	0,02106
2025-09-04	-0,08986	-0,11062	-0,02473	0,1054	0,005	0,14264	0,12453	0,08365	0,11637	0,03543	-0,05139	0,03058
2025-09-05	-0,11228	-0,12824	-0,03041	0,07724	0,03565	0,11654	0,10009	0,05961	0,13793	0,0079	-0,01014	0,02308
2025-09-08	-0,0872	-0,10135	-0,01941	0,0887	0,08411	0,29094	0,13833	0,09756	0,1797	0,04704	0,03017	0,06805
2025-09-09	-0,09591	-0,0608	-0,01817	0,07779	0,08442	0,33034	0,12051	0,08273	0,16735	0,03602	0,08758	0,07381
2025-09-10	-0,04076	-0,03867	0,01103	0,10047	0,09516	0,4049	0,17026	0,1333	0,2166	0,08143	0,1088	0,11296
2025-09-11	-0,08117	-0,04352	-0,01543	0,0384	0,04306	0,34589	0,12742	0,09118	0,17508	0,03736	0,05313	0,07013
2025-09-12	-0,0983	-0,08048	-0,02539	0,06033	0,03492	0,35472	0,11891	0,08772	0,16629	0,03653	0,04806	0,06394
2025-09-15	-0,08521	-0,07872	-0,01463	0,07811	0,05961	0,40654	0,15455	0,12649	0,17486	0,08433	0,06457	0,08823
2025-09-16	-0,08734	-0,05773	-0,01679	0,06162	0,07299	0,44048	0,18107	0,15119	0,20408	0,11249	0,10394	0,106
2025-09-17	-0,1074	-0,0719	-0,0342	0,06744	0,0551	0,37188	0,13362	0,10435	0,19249	0,06488	0,01168	0,07163
2025-09-18	-0,11076	-0,08977	-0,02599	0,08346	0,05644	0,37815	0,13466	0,10572	0,18878	0,06786	0,02526	0,07398
2025-09-19	-0,13505	-0,11695	-0,07574	0,0043	0,03256	0,32036	0,09548	0,06357	0,10946	0,02242	0,05344	0,03399
2025-09-22	-0,1338	-0,11967	-0,06403	0,00144	0,11408	0,31737	0,09315	0,06167	0,13033	0,01993	0,05191	0,04294
2025-09-23	-0,10613	-0,09326	-0,03083	0,02912	0,11924	0,35675	0,12165	0,08847	0,16942	0,04452	0,05344	0,0684
2025-09-24	-0,09594	-0,07504	-0,03943	0,02545	0,09503	0,35697	0,12274	0,09207	0,17148	0,05253	0,04458	0,06822
2025-09-25	-0,06972	-0,06525	-0,03361	0,02721	0,096	0,40193	0,1612	0,12512	0,16591	0,08791	0,11024	0,09154
2025-09-26	-0,02607	-0,02614	0,00493	0,04488	0,09269	0,42586	0,17633	0,14397	0,18068	0,09914	0,20408	0,12003
2025-09-29	-0,06476	-0,03672	-0,01968	0,0166	0,07603	0,36663	0,1315	0,10082	0,12328	0,05412	0,17857	0,08422
2025-09-30	-0,08116	-0,05294	-0,03171	0,00699	0,08769	0,36787	0,13124	0,09627	0,11498	0,05488	-0,01739	0,06152
2025-10-01	-0,11106	-0,11461	-0,08842	-0,00402	0,08156	0,31976	0,08843	0,05611	0,06933	0,01284	-0,07808	0,02108
2025-10-02	-0,13373	-0,12583	-0,11544	-0,03284	0,0537	0,28188	0,06241	0,02536	0,01989	-0,01722	-0,13974	-0,01105
2025-10-03	-0,17059	-0,14748	-0,15168	-0,07575	-0,02001	0,20202	0,0097	-0,02685	-0,015	-0,07577	-0,18667	-0,05982
2025-10-06	-0,16602	-0,15419	-0,13024	-0,05246	0,02414	0,20056	0,00788	-0,02623	0,03869	-0,01028	-0,19636	-0,04223
2025-10-07	-0,19599	-0,1791	-0,15286	-0,08146	-4e-04	0,164	-0,01482	-0,04733	0,0228	-0,0347	-0,21071	-0,06642
2025-10-08	-0,14665	-0,13774	-0,12288	-0,04924	0,06322	0,22539	0,02185	-0,00357	0,06535	0,02861	-0,23333	-0,02627
2025-10-09	-0,15559	-0,12756	-0,133	-0,05941	0,01639	0,23834	0,02967	0,00453	0,03486	0,03711	-0,19678	-0,02831
2025-10-10	-0,21855	-0,1893	-0,18728	-0,10895	-0,04722	0,15604	-0,02974	-0,05516	-0,02376	-0,02274	-0,23625	-0,08754
2025-10-13	-0,21495	-0,20082	-0,19052	-0,10438	-0,0811	0,15414	-0,03224	-0,05683	-0,02541	-0,03172	-0,20307	-0,08972
2025-10-14	-0,21797	-0,19715	-0,18653	-0,09553	-0,07391	0,15359	-0,03267	-0,05815	-0,02584	-0,03218	-0,21795	-0,08948
2025-10-15	-0,17046	-0,15404	-0,13687	-0,0761	-0,02382	0,25105	0,03083	0,00424	0,01283	0,03662	-0,17333	-0,03628
2025-10-16	-0,17867	-0,17067	-0,14991	-0,08746	0,04509	0,2435	0,02509	-0,00285	0,03747	0,02691	-0,18708	-0,03624
2025-10-17	-0,18187	-0,17668	-0,14372	-0,07366	-0,0027	0,24462	0,02295	-0,00189	0,03705	0,02812	-0,20533	-0,04119
2025-10-20	-0,16394	-0,1655	-0,12856	-0,04714	-0,0404	0,01951	0,04579	0,00963	0,05898	0,04912	-0,22326	-0,05325
2025-10-21	-0,17566	-0,16769	-0,13126	-0,02686	-0,02057	0,01879	0,04432	-0,00189	0,04265	0,03966	-0,18926	-0,05162
2025-10-22	-0,18589	-0,17608	-0,13076	-0,03625	-0,02772	0,02585	0,05095	0,00461	0,04907	0,04543	-0,19085	-0,05197
2025-10-23	-0,12512	-0,11194	-0,10186	0,00927	0,00412	0,07913	0,10217	0,06576	0,09839	0,1038	-0,16667	-0,0039
2025-10-24	-0,11774	-0,11404	-0,10089	-0,05328	0,00551	0,09009	0,11126	0,07487	0,10858	0,12223	-0,15736	-0,0028
2025-10-27	-0,13732	-0,13356	-0,11396	-0,06181	0,02162	0,10094	0,12196	0,08337	0,11844	0,13213	-0,0953	0,00332
2025-10-28	-0,09874	-0,10909	-0,07493	-0,02223	0,0418	0,10889	0,13255	0,10204	0,14292	0,14913	-0,1302	0,02201
2025-10-29	-0,09218	-0,08553	-0,03084	0,02716	0,13299	0,13705	0,15738	0,1155	0,17355	0,14112	-0,12752	0,04988
2025-10-30	-0,10956	-0,11064	-0,0463	0,00156	0,25571	0,10752	0,12808	0,09082	0,13306	0,11462	-0,12617	0,03988
2025-10-31	-0,11253	-0,10662	-0,0903	-0,02206	0,15667	0,08439	0,10574	0,05901	0,14551	0,08141	-0,1302	0,01555
2025-11-03	-0,11488	-0,10648	-0,06967	0,01619	0,1837	0,08659	0,10036	0,07993	0,12629	0,10382	-0,14765	0,02347
2025-11-04	-0,14548	-0,13153	-0,09369	-0,01104	0,15953	0,07336	0,08694	0,06318	0,11757	0,08136	-0,24938	-0,00447
2025-11-05	-0,16413	-0,17459	-0,1124	-0,0274	0,25886	0,05901	0,08155	0,05648	0,14948	0,06798	-0,27284	-0,00709
2025-11-06	-0,1631	-0,17133	-0,08635	0,006	0,22271	0,10737	0,13026	0,10509	0,18777	0,101	-0,28218	0,0143
2025-11-07	-0,16715	-0,15859	-0,09755	-0,00796	0,21057	0,0945	0,11734	0,09378	0,17418	0,09451	-0,22632	0,01157
2025-11-10	-0,13793	-0,14897	-0,07414	0,00556	0,09402	0,12237	0,14452	0,11784	0,20214	0,12354	-0,26055	0,01713
2025-11-11	-0,13793	-0,11539	-0,07414	0,00556	0,09402	0,12237	0,14452	0,11784	0,20214	0,12354	-0,22028	0,02384
2025-11-12	-0,13342	-0,14719	-0,05443	0,04318	0,10864	0,13321	0,15269	0,11676	0,20613	0,13373	-0,23559	0,02943
2025-11-13	-0,13409	-0,14713	-0,05024	0,0481	0,09346	0,12571	0,14539	0,10531	0,15205	0,11978	-0,2459	0,01931
2025-11-14	-0,1177	-0,13544	-0,03631	0,05277	0,09843	0,15819	0,17706	0,14003	0,17758	0,15283	-0,22803	0,03995
2025-11-17	-0,09906	-0,1401	-0,03067	0,04727	0,09335	0,17905	0,20065	0,16427	0,20027	0,17727	-0,23342	0,05081
2025-11-18	-0,11445	-0,12764	-0,05472	0,02451	0,0566	0,20586	0,22346	0,18813	0,23395	0,20394	-0,22959	0,05546
2025-11-19	-0,13591	-0,14182	-0,0929	-0,02701	0,0257	0,19569	0,21547	0,17631	0,20687	0,19167	-0,26103	0,03209
2025-11-20	-0,13256	-0,14382	-0,10646	-0,01046	0,01287	0,13991	0,16148	0,13921	0,13992	0,09951	-0,26866	0,00281
2025-11-21	-0,1638	-0,16394	-0,12488	-0,04887	-0,04747	0,08018	0,1081	0,06299	0,08396	0,01527	-0,20833	-0,03698
2025-11-24	-0,17536	-0,14809	-0,11667	-0,04059	-0,04013	0,06713	0,09397	0,05364	0,05175	0,01579	-0,27952	-0,0471
2025-11-25	-0,16078	-0,13841	-0,11586	-0,07363	-0,05964	0,05366	0,08135	0,0286	0,00777	0,00486	-0,29674	-0,0608
2025-11-26	-0,1483	-0,13077	-0,09126	-0,05763	-0,03535	0,03482	0,07075	0,00322	-0,00216	-0,00775	-0,26488	-0,05721
2025-11-27	-0,14805	-0,13165	-0,08426	-0,05172	-0,02354	0,05241	0,08991	0,03223	0,01363	-0,00341	-0,26488	-0,04721
2025-11-28	-0,15138	-0,13325	-0,09533	-0,05486	-0,07674	0,05146	0,08945	0,03318	0,01319	-0,00243	-0,26488	-0,05378
2025-12-01	-0,12877	-0,13403	-0,07715	-0,01641	-0,07253	0,068	0,10577	0,05919	0,03982	0,02402	-0,17375	-0,0278
2025-12-02	-0,13958	-0,12965	-0,1117	-0,01276	-0,0874	0,04993	0,0953	0,01757	0,02465	0,00441	-0,1675	-0,04152
2025-12-03	-0,15766	-0,14773	-0,1298	-0,06237	-0,08733	0,03042	0,07601	0,00047	0,00045	-0,02169	-0,15926	-0,05986
2025-12-04	-0,13065	-0,141	-0,11538	-0,04987	-0,05567	0,06265	0,10028	0,03883	0,02535	0,01435	-0,13282	-0,0349
2025-12-05	-0,12176	-0,12686	-0,11304	-0,01853	-0,09064	0,08821	0,12832	0,06455	0,0481	0,04326	-0,09673	-0,01774
2025-12-08	-0,13911	-0,14204	-0,09256	-0,02225	-0,06552	0,07418	0,11332	0,05793	0,0418	0,02218	-0,08839	-0,02186
2025-12-09	-0,14931	-0,15068	-0,11182	-0,0496	-0,10977	0,02993	0,07222	0,01196	0,0361	-0,01916	-0,11518	-0,05048
2025-12-10	-0,14786	-0,14286	-0,11023	-0,065	-0,13263	0,03998	0,07959	0,0196	0,02518	-0,01565	-0,11402	-0,05126
2025-12-11	-0,18152	-0,16819	-0,13925	-0,08875	-0,16779	0,01132	0,03851	-0,02154	-0,01805	-0,06407	-0,14987	-0,08629
2025-12-12	-0,17993	-0,1552	-0,1468	-0,1138	-0,11998	-0,01313	0,01579	-0,04658	-0,04801	-0,09053	-0,16818	-0,09694
2025-12-15	-0,20366	-0,17813	-0,16232	-0,13791	-0,12519	-0,03791	-0,00845	-0,06943	-0,07169	-0,11214	-0,17448	-0,11648
2025-12-16	-0,21948	-0,19341	-0,17489	-0,15523	-0,13699	-0,05664	-0,0268	-0,09615	-0,09054	-0,12347	-0,19376	-0,1334
2025-12-17	-0,20253	-0,17154	-0,14809	-0,12786	-0,12962	-0,02671	0,00724	-0,06215	-0,05343	-0,0894	-0,19582	-0,10908
2025-12-18	-0,20593	-0,18613	-0,14828	-0,11041	-0,1086	-0,0539	-0,01755	-0,08882	-0,07914	-0,12258	-0,19528	-0,11969
2025-12-19	-0,18973	-0,16814	-0,13394	-0,09034	-0,09826	-0,05056	-0,0136	-0,08069	-0,05067	-0,12553	-0,17374	-0,10684
2025-12-22	-0,1654	-0,14988	-0,13108	-0,11902	-0,13749	-0,04054	-0,00451	-0,04963	-0,04366	-0,08109	-0,17918	-0,10014
2025-12-23	-0,15755	-0,11675	-0,13112	-0,12628	-0,16977	-0,02419	0,01354	-0,03341	-0,01149	-0,05316	-0,18431	-0,09041
2025-12-24	-0,17144	-0,13333	-0,13739	-0,12419	-0,16898	-0,0346	0,00363	-0,04425	-0,03654	-0,06348	-0,17955	-0,0991
2025-12-26	-0,19579	-0,13333	-0,13542	-0,12072	-0,16861	-0,0581	-0,01923	-0,06817	-0,05935	-0,0943	-0,17955	-0,11205
2025-12-29	-0,18785	-0,14464	-0,13168	-0,11162	-0,15915	-0,06465	-0,02616	-0,07368	-0,06557	-0,10038	-0,19715	-0,11478
2025-12-30	-0,19434	-0,16083	-0,13818	-0,11106	-0,16265	-0,08123	-0,04422	-0,08719	-0,08219	-0,11695	-0,21795	-0,12698
2025-12-31	-0,20955	-0,17739	-0,15604	-0,13582	-0,06103	-0,10406	-0,06914	-0,11037	-0,09458	-0,14228	-0,25153	-0,13744
2026-01-02	-0,22469	-0,18597	-0,07493	-0,05286	0,01512	-0,13395	-0,09864	-0,14004	-0,12288	-0,17167	-0,28066	-0,13374
2026-01-05	-0,2216	-0,17883	-0,06541	-0,04978	0,03324	-0,12149	-0,08588	-0,12265	-0,11885	-0,17254	-0,31127	-0,12864
2026-01-06	-0,23335	-0,19632	-0,06759	-0,05415	0,00139	-0,14423	-0,10729	-0,14236	-0,12945	-0,19623	-0,31007	-0,1436
2026-01-07	-0,2531	-0,21531	-0,06342	-0,04985	-0,0058	-0,1522	-0,11511	-0,14761	-0,16557	-0,20584	-0,31676	-0,15369
2026-01-08	-0,21962	-0,18134	-0,02305	-0,01969	0,03556	-0,11636	-0,08022	-0,10808	-0,13176	-0,15923	-0,31134	-0,11956
2026-01-09	-0,20314	-0,16994	-0,02402	-0,02019	0,04481	-0,12248	-0,08574	-0,11424	-0,14126	-0,16492	-0,29302	-0,11765
2026-01-12	-0,2314	-0,18004	-0,04503	-0,03243	0,08112	-0,16303	-0,12795	-0,15579	-0,19499	-0,18828	-0,32232	-0,14183
2026-01-13	-0,23526	-0,18273	-0,04445	-0,03153	0,07827	-0,14524	-0,11041	-0,13907	-0,17713	-0,15262	-0,3326	-0,13389
2026-01-14	-0,20921	-0,1641	-0,06352	-0,04147	0,04104	-0,14978	-0,11755	-0,14233	-0,17946	-0,13869	-0,35027	-0,13776
2026-01-15	-0,26756	-0,20747	-0,09505	-0,07904	0,00318	-0,18895	-0,15511	-0,1784	-0,21549	-0,18108	-0,38912	-0,17764
2026-01-16	-0,25142	-0,18716	-0,07068	-0,05543	-0,02372	-0,17864	-0,14379	-0,16838	-0,20547	-0,15761	-0,3866	-0,16626
2026-01-19	-0,24389	-0,19405	-0,06984	-0,04878	0,01879	-0,18089	-0,14835	-0,16607	-0,20755	-0,15378	-0,39471	-0,16265
2026-01-20	-0,23243	-0,1714	-0,06304	-0,02486	0,03529	-0,16484	-0,13237	-0,15177	-0,16567	-0,14386	-0,38454	-0,14541
2026-01-21	-0,2137	-0,1719	-0,03483	-0,01943	0,05972	-0,1185	-0,09112	-0,10784	-0,132	-0,11904	-0,28216	-0,11189
2026-01-22	-0,22176	-0,18175	-0,03812	0,00871	0,01386	-0,11368	-0,08213	-0,12021	-0,12668	-0,12157	-0,27669	-0,11455
2026-01-23	-0,19099	-0,13305	-0,02465	0,03276	0,02416	-0,09287	-0,06225	-0,09091	-0,09912	-0,10881	-0,28869	-0,09404
2026-01-26	-0,19354	-0,13988	-0,03403	0,01463	0,0157	-0,11614	-0,08383	-0,1066	-0,12115	-0,13423	-0,29029	-0,10812
2026-01-27	-0,15603	-0,09082	-0,00377	0,04729	0,06025	-0,07226	-0,0467	-0,07782	-0,09746	-0,07788	-0,2766	-0,07198
2026-01-28	-0,15374	-0,09114	-0,00233	0,04718	0,05183	-0,0563	-0,03077	-0,06614	-0,06694	-0,05238	-0,26215	-0,06208
2026-01-29	-0,11201	-0,07816	0,01452	0,0563	0,06737	-0,03597	-0,01009	-0,05574	-0,04737	-0,02978	-0,26145	-0,04476
2026-01-30	-0,11765	-0,06678	0,02148	0,04247	0,08958	-0,03753	-0,01037	-0,0348	-0,05619	-0,0035	-0,25621	-0,03905
2026-02-02	-0,15431	-0,12177	-0,00895	-0,00048	0,02903	-0,09743	-0,06805	-0,12347	-0,11401	-0,09557	-0,32131	-0,09785
2026-02-03	-0,14826	-0,08472	-0,01686	0,01427	0,01461	-0,08271	-0,04112	-0,09408	-0,08854	-0,08821	-0,324	-0,08542
2026-02-04	-0,1161	-0,07091	0,00322	0,02365	0,02455	-0,052	-0,05158	-0,09006	-0,06867	-0,05824	-0,30652	-0,06933
2026-02-05	-0,11892	-0,06478	0,01505	0,0487	0,0036	-0,06919	-0,04138	-0,0819	-0,06237	-0,0775	-0,32131	-0,07
2026-02-06	-0,10145	-0,05487	0,01443	0,05172	-0,00079	-0,07203	-0,04392	-0,09215	-0,06478	-0,08195	-0,32535	-0,0701
2026-02-09	-0,0952	-0,04673	0,01559	0,03985	0,01203	-0,06468	-0,04848	-0,10445	-0,06718	-0,0591	-0,3319	-0,0682
2026-02-10	-0,11728	-0,06848	0,00871	0,03478	-0,01295	-0,07531	-0,05868	-0,10469	-0,08112	-0,06542	-0,34787	-0,08076
2026-02-11	-0,1204	-0,07894	0,0018	0,02714	-0,02879	-0,08374	-0,06893	-0,11388	-0,09087	-0,07679	-0,34464	-0,08891
2026-02-12	-0,12047	-0,07402	0,00093	0,02847	-0,01715	-0,08414	-0,06888	-0,1148	-0,12221	-0,07334	-0,35351	-0,09083
2026-02-13	-0,12015	-0,07473	-0,12443	-0,09641	-0,08747	-0,03298	-0,09852	-0,06627	-0,08175	-0,04097	-0,35211	-0,10689
2026-02-16	-0,1126	-0,05825	-0,1143	-0,0856	-0,08209	-0,03011	-0,02288	-0,0639	-0,07845	-0,0435	-0,34645	-0,09438
2026-02-17	-0,11992	-0,07967	-0,11152	-0,08321	-0,08209	-0,02757	-0,02047	-0,05628	-0,07607	-0,04086	-0,35191	-0,09542
2026-02-18	-0,09528	-0,06121	-0,08726	-0,18941	-0,04782	0,03241	0,03714	-0,00426	-0,00636	0,02166	-0,32965	-0,06637
2026-02-19	-0,08157	-0,04152	-0,06885	-0,17833	-0,03217	0,05776	0,07051	0,02802	0,01371	0,02961	-0,32741	-0,0482
2026-02-20	-0,08493	-0,05458	-0,07136	-0,18596	-0,03028	0,0354	0,04859	0,00896	0,01264	0,00763	-0,31743	-0,05739
2026-02-23	-0,06165	-0,0398	-0,0471	-0,14465	-0,00885	0,1104	0,12326	0,07893	0,0835	0,09665	-0,32778	-0,01246
2026-02-24	-0,07656	-0,04914	-0,04524	-0,14702	-0,09537	0,13167	0,13065	0,11263	0,06848	0,14079	-0,35072	-0,01635
2026-02-25	-0,05568	-0,0331	0,03892	-0,10883	0,0483	0,13757	0,14196	0,12243	0,07122	0,14193	-0,34385	0,01462
2026-02-26	-0,05474	-0,0249	0,07563	-0,06752	0,07707	0,14581	0,1523	0,12883	0,09602	0,15337	-0,35127	0,03006
2026-02-27	-0,05183	-0,04919	0,06516	-0,01502	0,0827	0,12053	0,12621	0,09404	0,07557	0,12096	-0,3303	0,02171
2026-03-02	0,01658	0,03317	0,24312	0,1341	0,25	0,27599	0,27338	0,23057	0,21719	0,27646	-0,29645	0,15037
